date,series,issue,value,action
2008-09-22,WTI,move > 6 rolling SD,16.41,"flagged, kept"
2014-11-28,WTI,move > 6 rolling SD,-11.13,"flagged, kept"
2019-09-16,WTI,move > 6 rolling SD,14.18,"flagged, kept"
2020-03-09,WTI,move > 6 rolling SD,-28.14,"flagged, kept"
2020-03-18,WTI,move > 6 rolling SD,-27.49,"flagged, kept"
2020-03-20,WTI,move > 6 rolling SD,-25.31,"flagged, kept"
2020-03-31,WTI,move > 6 rolling SD,37.47,"flagged, kept"
2020-04-21,WTI,move > 6 rolling SD,-72.03,"flagged, kept"
2026-04-08,WTI,move > 6 rolling SD,-17.52,"flagged, kept"
,WTI,3+ days of 0% change,3.0,"flagged, kept"
2008-12-05,Brent,move > 6 rolling SD,-16.83,"flagged, kept"
2014-11-28,Brent,move > 6 rolling SD,-7.37,"flagged, kept"
2015-01-05,Brent,move > 6 rolling SD,-8.08,"flagged, kept"
2015-02-02,Brent,move > 6 rolling SD,8.51,"flagged, kept"
2020-03-09,Brent,move > 6 rolling SD,-25.52,"flagged, kept"
2020-03-18,Brent,move > 6 rolling SD,-20.48,"flagged, kept"
2020-03-31,Brent,move > 6 rolling SD,-25.64,"flagged, kept"
2020-04-02,Brent,move > 6 rolling SD,30.16,"flagged, kept"
2020-04-21,Brent,move > 6 rolling SD,-64.37,"flagged, kept"
2020-04-22,Brent,move > 6 rolling SD,41.2,"flagged, kept"
2021-11-26,Brent,move > 6 rolling SD,-12.55,"flagged, kept"
2022-03-09,Brent,move > 6 rolling SD,-13.31,"flagged, kept"
2009-09-08,HenryHub,move > 6 rolling SD,28.36,"flagged, kept"
2014-01-23,HenryHub,move > 6 rolling SD,13.66,"flagged, kept"
2014-02-05,HenryHub,move > 6 rolling SD,33.99,"flagged, kept"
2014-02-10,HenryHub,move > 6 rolling SD,31.97,"flagged, kept"
2014-02-12,HenryHub,move > 6 rolling SD,-26.26,"flagged, kept"
2014-03-03,HenryHub,move > 6 rolling SD,39.01,"flagged, kept"
2015-12-28,HenryHub,move > 6 rolling SD,25.81,"flagged, kept"
2017-12-29,HenryHub,move > 6 rolling SD,21.71,"flagged, kept"
2018-01-02,HenryHub,move > 6 rolling SD,52.54,"flagged, kept"
2018-01-04,HenryHub,move > 6 rolling SD,-29.41,"flagged, kept"
2018-01-08,HenryHub,move > 6 rolling SD,-47.56,"flagged, kept"
2019-03-04,HenryHub,move > 6 rolling SD,28.69,"flagged, kept"
2019-03-05,HenryHub,move > 6 rolling SD,-29.0,"flagged, kept"
2020-10-09,HenryHub,move > 6 rolling SD,41.22,"flagged, kept"
2021-02-11,HenryHub,move > 6 rolling SD,54.74,"flagged, kept"
2021-02-16,HenryHub,move > 6 rolling SD,61.5,"flagged, kept"
2021-02-17,HenryHub,move > 6 rolling SD,74.56,"flagged, kept"
2021-02-18,HenryHub,move > 6 rolling SD,-102.51,"flagged, kept"
2024-01-12,HenryHub,move > 6 rolling SD,143.28,"flagged, kept"
2024-01-16,HenryHub,move > 6 rolling SD,-140.16,"flagged, kept"
2025-01-17,HenryHub,move > 6 rolling SD,82.99,"flagged, kept"
2025-01-21,HenryHub,move > 6 rolling SD,-80.69,"flagged, kept"
2026-01-22,HenryHub,move > 6 rolling SD,52.92,"flagged, kept"
2026-01-23,HenryHub,move > 6 rolling SD,129.43,"flagged, kept"
,HenryHub,3+ days of 0% change,24.0,"flagged, kept"
