series,replication,true_vol_calm,est_vol_calm,true_vol_turb,est_vol_turb,true_stay_turb,est_stay_turb,state_accuracy,max_abs_vol_error_pct
WTI,1,29.36284093699973,29.572762611497943,115.23507579134353,108.09171302679964,0.9122474867669895,0.885208092009128,0.9879566439181052,6.198948293728201
WTI,2,29.36284093699973,29.52906279686557,115.23507579134353,110.35686451325758,0.9122474867669895,0.9094534326944678,0.9805299076676034,4.233269466424394
WTI,3,29.36284093699973,28.95132594092539,115.23507579134353,115.48479107624652,0.9122474867669895,0.9162132111515832,0.9843436370935368,1.4014822235943747
Brent,1,28.23304447560318,28.435595042752016,99.83927468655291,94.08938223870727,0.9238247390883045,0.8890706101430313,0.985949417904456,5.759148857899376
Brent,2,28.23304447560318,28.310902329507627,99.83927468655291,96.67845868279665,0.9238247390883045,0.9260306387105064,0.9797270172621437,3.1659044135483816
Brent,3,28.23304447560318,27.764456107136898,99.83927468655291,99.68935413749732,0.9238247390883045,0.9342363900620558,0.9849458048976315,1.659716042565651
HenryHub,1,52.648691147486566,52.967427078786805,331.19859250037183,319.56220240781073,0.8015202621627289,0.8405481043807265,0.9899638699317543,3.5134177366855868
HenryHub,2,52.648691147486566,53.02595772581289,331.19859250037183,320.50917213325465,0.8015202621627289,0.7787421082675037,0.9783219590525893,3.227495710781192
HenryHub,3,52.648691147486566,51.90587482053824,331.19859250037183,325.7586235650759,0.8015202621627289,0.8347518020651278,0.9869530309112806,1.6425096780234183
Book,1,19.271358855231774,19.427559852023283,133.4939397242006,127.91293724353667,0.7483259031889348,0.7978837291149135,0.9927739863508631,4.180715987702754
Book,2,19.271358855231774,19.251100314590914,133.4939397242006,126.89005568376191,0.7483259031889348,0.7164708216572927,0.9845443596949016,4.946954186895947
Book,3,19.271358855231774,19.031154625037974,133.4939397242006,133.8633248647878,0.7483259031889348,0.773929297091545,0.9903653151344841,1.2464312039344838
