series,start,end,trading_days,price_change_pct,realised_ann_vol_pct
Book,2008-12-17,2009-01-07,14,,72.40499492139935
Book,2017-12-29,2018-01-19,15,,109.27570824036032
Book,2020-03-17,2020-03-31,11,,188.6446919453384
Book,2020-04-14,2020-05-05,16,,115.79860353528834
Book,2024-10-30,2024-11-26,20,,76.43853501793643
Book,2026-01-20,2026-02-09,15,,311.12367526615037
Brent,2008-09-15,2009-01-27,93,-52.6147042564953,82.2510101758836
Brent,2009-02-09,2009-04-02,38,7.749311878043619,73.32165009659595
Brent,2015-02-02,2015-02-13,10,16.602241979126386,63.93917323806642
Brent,2015-08-21,2015-09-16,19,12.568430656934293,65.08105192435546
Brent,2016-01-06,2016-02-29,39,5.989967542047814,69.65615317772782
Brent,2019-09-04,2019-09-17,10,8.09162821357945,75.38414575927683
Brent,2020-03-06,2020-06-12,69,-15.482456140350887,212.95864944703908
Brent,2020-10-27,2020-11-10,11,6.369587109768382,59.29867904256255
Brent,2022-02-25,2022-05-12,54,9.638798701298711,70.89667773622118
Brent,2022-07-05,2022-07-22,14,-3.366820526744496,67.40937742433351
Brent,2023-10-02,2023-10-16,11,-0.24120162262909473,60.90242575774693
Brent,2026-03-02,2026-06-29,84,-7.314862765406516,80.74893281836029
Brent,2026-07-07,2026-08-10,25,29.200334354973513,85.717160016025
Brent,2026-08-24,2026-09-21,21,25.28314097724087,64.2232746660312
HenryHub,2009-11-12,2009-11-30,12,36.111111111111114,265.87032593363233
HenryHub,2017-12-28,2018-01-19,16,7.744107744107742,398.93010137739685
HenryHub,2020-09-03,2020-09-24,16,-16.8103448275862,224.3347663120797
HenryHub,2020-10-02,2020-10-21,14,109.21985815602841,280.8894152438978
HenryHub,2021-02-01,2021-02-23,17,2.083333333333326,670.7679447129316
HenryHub,2022-11-30,2022-12-29,21,-46.00000000000001,249.25358841894464
HenryHub,2023-05-26,2023-06-09,10,-1.5957446808510523,169.4227322006322
HenryHub,2024-01-09,2024-01-25,13,-21.23076923076923,929.7606497409012
HenryHub,2024-04-03,2024-04-30,20,-9.677419354838722,149.89986952428666
HenryHub,2024-10-23,2024-11-27,26,78.42105263157897,261.23671407862037
HenryHub,2025-06-09,2025-06-23,11,11.82108626198084,163.2891406091441
HenryHub,2026-01-20,2026-02-09,15,-18.75,789.9558884738188
WTI,2008-09-15,2009-01-27,93,-56.37562814070351,99.4977719748266
WTI,2009-02-10,2009-04-20,48,22.056473095364936,81.72841725671472
WTI,2015-01-12,2015-02-12,21,11.094224924012153,68.85696689986662
WTI,2015-03-25,2015-04-08,10,3.4666666666666623,72.24903213671712
WTI,2016-01-06,2016-03-23,56,12.687665587282915,73.75410239357655
WTI,2020-02-28,2020-06-11,73,-18.737452598706216,238.87683585442855
WTI,2022-02-28,2022-04-19,36,6.66805367731198,80.21013523959142
WTI,2025-06-11,2025-06-24,10,-5.021041938760695,75.9938698638335
WTI,2026-03-02,2026-05-07,48,38.31013637002671,92.61156345102923
WTI,2026-07-22,2026-08-04,10,-11.78416609628108,78.27296138970463
