series,model,benchmark,dm_qlike,p_qlike,dm_mse,p_mse
WTI,EWMA,GARCH-t,3.712116498738845,0.00020553334013961866,0.6102646788267396,0.5416864906953478
WTI,HAR-RV,GARCH-t,1.600022471160872,0.10959359844889072,1.0510360824311544,0.2932420181580033
WTI,MS,GARCH-t,2.168132046657978,0.030148641198106008,0.8623564077195759,0.38849142104053636
Brent,EWMA,GARCH-t,1.8924238236208815,0.05843453431640766,-0.1099521861816296,0.9124472948123878
Brent,HAR-RV,GARCH-t,3.141658898760736,0.001679936241899771,1.3082821332068797,0.19077763290632443
Brent,MS,GARCH-t,1.9989242981874298,0.045616545274264286,0.7582830243587461,0.44828156756178394
HenryHub,EWMA,GARCH-t,2.836125158739562,0.004566454689974853,0.24289056466175576,0.8080901750463307
HenryHub,HAR-RV,GARCH-t,2.319020450669968,0.020393927481378693,0.8924985174104808,0.3721257870721921
HenryHub,MS,GARCH-t,3.0268075480816634,0.0024715125793479675,0.2412838074404115,0.8093351599980905
Book,EWMA,GARCH-t,1.9019730905602699,0.057174672655391445,-1.0656095341738305,0.28660018750640726
Book,HAR-RV,GARCH-t,1.591928949729234,0.11140066990392516,-0.07490171075527129,0.940292915397061
Book,MS,GARCH-t,0.26294132638400597,0.792595802847958,-1.4986129567443383,0.13397406946301027
