series,model,qlike,mse,qlike_vs_garch,rank_qlike
WTI,EWMA,2.5406704146715837,7958.8497993868305,0.026664640826181252,3
WTI,GARCH-t,2.5140057738454025,7939.577609864793,0.0,1
WTI,HAR-RV,2.531353245066444,8790.108717505944,0.017347471221041744,2
WTI,MS,2.778466371652005,8472.447378025769,0.2644605978066026,4
Brent,EWMA,2.4253109964096358,5137.415079659301,0.011073438081253606,2
Brent,GARCH-t,2.414237558328382,5141.6170356763105,0.0,1
Brent,HAR-RV,2.457382057074438,6124.206072357308,0.04314449874605586,3
Brent,MS,2.7388539443229063,5438.068584711222,0.32461638599452414,4
HenryHub,EWMA,4.148550963543809,331208.4676370571,0.14406161339415924,2
HenryHub,GARCH-t,4.00448935014965,328598.1333606124,0.0,1
HenryHub,HAR-RV,4.326669730332619,377149.29203676374,0.322180380182969,4
HenryHub,MS,4.306135922703947,332621.77091885434,0.30164657255429717,3
Book,EWMA,2.4458982220297902,15515.249256162739,0.2452040440347374,3
Book,GARCH-t,2.200694177995053,16032.667199839869,0.0,1
Book,HAR-RV,2.449232520143039,15998.028172493798,0.2485383421479863,4
Book,MS,2.2293018194383767,15088.614694393296,0.02860764144332384,2
