series,replication,true_alpha,est_alpha,true_beta,est_beta,true_nu,est_nu,true_persistence,est_persistence
WTI,1,0.09520253329147242,0.09968525740310673,0.8913393771483133,0.8871787044612027,6.017562940878569,6.303025694375359,0.9865419104397858,0.9868639618643095
WTI,2,0.09520253329147242,0.1027754410490782,0.8913393771483133,0.8844348120227575,6.017562940878569,5.797719480377199,0.9865419104397858,0.9872102530718357
WTI,3,0.09520253329147242,0.082170435543375,0.8913393771483133,0.912194785379857,6.017562940878569,5.686645824693158,0.9865419104397858,0.994365220923232
Brent,1,0.0890695262219095,0.09035508202484115,0.9039479418401731,0.9035951162920827,5.921327267028473,6.194203269055316,0.9930174680620827,0.9939501983169238
Brent,2,0.0890695262219095,0.09720450054877437,0.9039479418401731,0.8961230510110941,5.921327267028473,5.699595741979586,0.9930174680620827,0.9933275515598685
Brent,3,0.0890695262219095,0.0789301660157998,0.9039479418401731,0.919245460672705,5.921327267028473,5.602261363030746,0.9930174680620827,0.9981756266885048
HenryHub,1,0.23143138906056057,0.21343524195314603,0.7674993966548255,0.7853602583758061,3.490510857600862,3.7019159223650213,0.9989307857153861,0.9987955003289521
HenryHub,2,0.23143138906056057,0.25203766348415774,0.7674993966548255,0.7454515175408802,3.490510857600862,3.6118751183890008,0.9989307857153861,0.9974891810250379
HenryHub,3,0.23143138906056057,0.20402638059815698,0.7674993966548255,0.7942050812113925,3.490510857600862,3.5086067590946683,0.9989307857153861,0.9982314618095496
Book,1,0.21976526419607947,0.24139076686026772,0.7269538476994005,0.7095183693816559,4.215539910641458,4.105098482808526,0.94671911189548,0.9509091362419236
Book,2,0.21976526419607947,0.21914011122335436,0.7269538476994005,0.7150687563150132,4.215539910641458,4.1925341581383,0.94671911189548,0.9342088675383675
Book,3,0.21976526419607947,0.18201677398368954,0.7269538476994005,0.779732695196396,4.215539910641458,4.111659608266566,0.94671911189548,0.9617494691800855
