series,fit_date,b0,b_day,b_week,b_month
WTI,2009-12-31,1.651560774770729,-0.0032216769262766176,0.32093231507885667,0.522099985894288
WTI,2010-02-02,1.6159588957874444,-0.003090191691689448,0.32063819276289024,0.5234106910930396
WTI,2010-03-04,1.5740869627423941,-0.003257372697378691,0.31997524809108013,0.5251599185054457
WTI,2010-04-05,1.5130421413093205,-0.003269178118444127,0.3204396907491912,0.5266535833785011
WTI,2010-05-04,1.4867639373762818,-0.0034450009575456297,0.3204363094794398,0.5277487989213031
WTI,2010-06-03,1.5965805966448727,0.010545997149774167,0.2896730712048579,0.5401919893889775
WTI,2010-07-02,1.5133518609487884,0.009508519081333766,0.2976154615615732,0.5331161218113343
WTI,2010-08-03,1.4638547746336403,0.009456849296925252,0.2972678078111001,0.5350026662163313
WTI,2010-09-01,1.4460354695062285,0.009684174091313613,0.296807515817078,0.5358256068732904
WTI,2010-10-01,1.3989720605296463,0.009840683162936015,0.2958977975854164,0.538089405954268
WTI,2010-11-01,1.3654495059633422,0.010560846642202082,0.2942977692627756,0.5399750740863669
WTI,2010-12-01,1.348577398930032,0.010414135084218179,0.29409519504544884,0.5408630815321736
WTI,2010-12-31,1.276750273944458,0.010512292871761808,0.29461824019485816,0.5426895349798011
WTI,2011-02-01,1.291618279380647,0.010722335158555807,0.2944591336893238,0.5421209649955898
WTI,2011-03-03,1.3028510097247883,0.01327409518866901,0.28377567865147596,0.5491865651242129
WTI,2011-04-01,1.245590662597422,0.012996737529027247,0.2852679983531451,0.5491119728637244
WTI,2011-05-05,1.2205636077937594,0.012724056398939587,0.28526510848519676,0.5501853655442275
WTI,2011-06-13,1.2411206585257846,0.016455039403650173,0.2779008571998369,0.5519150137489229
WTI,2011-07-19,1.216554905694529,0.016181605187392034,0.2782439208577709,0.552347247123705
WTI,2011-08-17,1.2606224362770233,0.014038903708928185,0.2825699112868932,0.5483287576405212
WTI,2011-09-16,1.2214876888446908,0.013015611243489877,0.284655501307856,0.5470289883300679
WTI,2011-10-17,1.2653469837079225,0.012211243895067503,0.2842398683032233,0.5462403615546569
WTI,2011-11-15,1.219724723127405,0.012437801845357144,0.28413140740461285,0.5469282510912877
WTI,2011-12-15,1.225357568668428,0.012687449567256204,0.28345032192792263,0.5470687694485449
WTI,2012-01-18,1.183881444904989,0.012705521060314029,0.28288139381684374,0.5488148121842864
WTI,2012-02-16,1.1498980234291294,0.012725951004421865,0.2830495556746229,0.5499693804409516
WTI,2012-03-19,1.1308982841602455,0.012654157814666,0.2830946282277451,0.5507562992661159
WTI,2012-04-18,1.116407940915713,0.012624995748293066,0.28301775633056214,0.5514070617932804
WTI,2012-05-17,1.0952875585404682,0.012924987899729512,0.2823314177371607,0.5525856006018557
WTI,2012-06-18,1.081264878122635,0.012910500266491542,0.2817936858458347,0.5536192263327755
WTI,2012-07-18,1.130258310956053,0.01360502945780745,0.27686480346576103,0.5550113191235264
WTI,2012-08-16,1.096621760678746,0.013681343762168341,0.27715601162392334,0.55484037561601
WTI,2012-09-17,1.069166246456511,0.013678124970241068,0.2776971594725652,0.5553628378838813
WTI,2012-10-16,1.071944326018584,0.014167963804082584,0.27682185166425355,0.5554418687931962
WTI,2012-11-14,1.060928534262904,0.014844925722198143,0.27558291908863847,0.5562215918239937
WTI,2012-12-14,1.033547742336017,0.01502376011461859,0.27562086998693913,0.5569423214807986
WTI,2013-01-16,1.0129117406009944,0.014964678075164162,0.2757453981586593,0.5577597890730287
WTI,2013-02-15,0.9926776546242003,0.014963310382682893,0.2757498372395425,0.558687143455889
WTI,2013-03-19,0.9748980355096097,0.01501189751096954,0.27563869486110587,0.5595506226547424
WTI,2013-04-18,0.9737171988851304,0.01505383933178922,0.2754481154983593,0.5597565871614437
WTI,2013-05-17,0.9549344416223364,0.015307266590106117,0.275139277580378,0.5604793828708222
WTI,2013-06-18,0.9352242600859564,0.015301153270828094,0.27524564946498326,0.5612246889345868
WTI,2013-07-18,0.9301140930964457,0.015328361898779563,0.27488314692886223,0.5617188454498563
WTI,2013-08-16,0.9137304946940286,0.015374694154061397,0.2747138889568279,0.5625154196420861
WTI,2013-09-17,0.9054688462414991,0.015293568568884308,0.2746642827552683,0.5629706657026221
WTI,2013-10-16,0.890707359282662,0.015367129238198218,0.2745506234953693,0.5635966560712672
WTI,2013-11-14,0.8786996128097795,0.015331072594013728,0.27454107106340236,0.5641609805787806
WTI,2013-12-16,0.8636831461150114,0.01537076126522069,0.27442715643202215,0.5648969504454702
WTI,2014-01-16,0.8552428923018691,0.015390228859147925,0.2742800655679974,0.5653966452319861
WTI,2014-02-14,0.8390872029106484,0.0153920049425188,0.2742792172324911,0.5661051756105844
WTI,2014-03-18,0.8339062791880111,0.015401927923959391,0.2741413196576269,0.5664524947560144
WTI,2014-04-16,0.8169080656044888,0.015399849552611589,0.27420097515394576,0.567145338619342
WTI,2014-05-16,0.8056522295194851,0.015377102747665627,0.2741732572992581,0.5677077104933763
WTI,2014-06-16,0.7948933010066964,0.015357258433339682,0.2741479703608077,0.5682633392489623
WTI,2014-07-16,0.7846485692615465,0.015350276051196099,0.2741638221424034,0.56874464421936
WTI,2014-08-14,0.7888516537171998,0.015122393616080199,0.27317911094756997,0.5695253148514571
WTI,2014-09-15,0.7855317849656075,0.015792795871345078,0.2711083965676704,0.5709973763749907
WTI,2014-10-14,0.7745689917745657,0.015671005885138145,0.27107920549459513,0.5714824098149736
WTI,2014-11-12,0.7735354628598387,0.015698532166137036,0.2704613026316925,0.5719581592818794
WTI,2014-12-12,0.8401574292796591,0.020517905238336853,0.24905977242617722,0.5852492829717448
WTI,2015-01-14,0.8482801096378007,0.02051359251683965,0.2492650180499594,0.5833561299972134
WTI,2015-02-17,0.8834603464128018,0.009916812283855825,0.258806213463635,0.5836256398698656
WTI,2015-03-18,0.8763998169377315,0.011260912080159224,0.26004581621199335,0.5778416209941052
WTI,2015-04-17,0.9030365715296097,0.009983852479599042,0.2619482857767096,0.5774746101527574
WTI,2015-05-18,0.8740757204334386,0.010254250970460899,0.26755884161828253,0.5696214824326294
WTI,2015-06-17,0.8792185504908896,0.01016647066808335,0.2672516825119273,0.5696652672669161
WTI,2015-07-16,0.8960608770355789,0.008599023373139059,0.2660080954188483,0.5713584921460851
WTI,2015-08-14,0.8877094791743656,0.008751781438449235,0.26580578961956575,0.5712756622464773
WTI,2015-09-14,0.9629705181174193,0.02371645487329921,0.2609349716255684,0.5584744144917602
WTI,2015-10-13,0.9681174407574774,0.021587433563256875,0.2680018081038603,0.5484417433901398
WTI,2015-11-11,0.9624459052557438,0.021255709069854023,0.2674478502088511,0.548852361087092
WTI,2015-12-10,0.9638667057920113,0.021456998991774112,0.26525988046757465,0.5504742909604795
WTI,2016-01-08,0.9740015494366443,0.021613254993359365,0.2629155543575736,0.5525106379091654
WTI,2016-02-08,1.0289658894272367,0.028661274769689327,0.28075507142874623,0.5341620535458567
WTI,2016-03-08,1.063649604635307,0.025557640658821323,0.267563970451553,0.5418938751283524
WTI,2016-04-06,1.087907093813907,0.025216224086829664,0.2634520537112994,0.545334758205353
WTI,2016-05-05,1.0795198788646188,0.021558261936085787,0.26569616616502845,0.5432235664464331
WTI,2016-06-03,1.0552340751937574,0.021626192498661823,0.2674240114336814,0.541617609619437
WTI,2016-07-04,1.0830930218116461,0.022001763690284504,0.2674001500949458,0.5400943112976345
WTI,2016-08-02,1.0775213740188156,0.021181065572764002,0.2700772288464789,0.5375467482387712
WTI,2016-08-31,1.0790906972394998,0.0209142305978548,0.2697232463584631,0.5381476880323821
WTI,2016-09-29,1.0896789611882451,0.02082862396323737,0.26892556148607805,0.5388567083313996
WTI,2016-10-28,1.066121040711364,0.021205605709899933,0.26920135374458415,0.5383553558436608
WTI,2016-11-28,1.0737563609014862,0.02055468191931248,0.26847096979561264,0.5392219360767293
WTI,2016-12-27,1.0764359541843833,0.021261036296475744,0.26435833966891614,0.541472726967203
WTI,2017-01-25,1.068516817542527,0.021234151850014926,0.2646913959393365,0.5413030101247431
WTI,2017-02-23,1.0541761265787717,0.021212262300705553,0.2649045366142573,0.5417518448831596
WTI,2017-03-24,1.0536725004393541,0.021271771240867265,0.26464124951319346,0.5418203788123284
WTI,2017-04-24,1.0458818526666918,0.02126347525537875,0.264564606546833,0.5421708211709164
WTI,2017-05-23,1.0411929677182636,0.021131252938330458,0.2643258572906285,0.5426221828170417
WTI,2017-06-21,1.0436260428141926,0.020867945199973648,0.2638499537176987,0.5430602073514696
WTI,2017-07-20,1.0293335290190406,0.0207705950754275,0.26418849103317216,0.5433518657938758
WTI,2017-08-18,1.0276508329680443,0.020667610859593954,0.26414389526101945,0.5435504310213325
WTI,2017-09-18,1.0209220597479303,0.02053683553979313,0.26395072944426823,0.5440908995894482
WTI,2017-10-17,1.0124863198881786,0.020436632677867217,0.2639804652434876,0.5445114137712512
WTI,2017-11-15,1.002809458031563,0.02047889398670949,0.26379176209395566,0.5451050784163455
WTI,2017-12-14,0.9961987389288051,0.020428718498692877,0.2637091215493207,0.5455490308258011
WTI,2018-01-16,0.9834745222011387,0.020412212991886003,0.2638315713773169,0.546083232190369
WTI,2018-02-14,0.9838107293437265,0.02026302190640833,0.26398508351549865,0.5460560189112371
WTI,2018-03-15,0.97445050865793,0.020272323801296344,0.26377048520037377,0.5466810303425319
WTI,2018-04-16,0.972791750056614,0.020377842311247674,0.2633125736312654,0.5470758959158334
WTI,2018-05-15,0.9635887604225281,0.02048068014346993,0.2630826308043154,0.5475790189344958
WTI,2018-06-14,0.9570871425041019,0.020563116423854,0.26296602311541145,0.5478506171974775
WTI,2018-07-13,0.9787587823336686,0.019671579157026498,0.2626452498180871,0.5477988075464231
WTI,2018-08-13,0.9707800315941963,0.0198246249743394,0.2621409311296067,0.5480639250337974
WTI,2018-09-11,0.9590538656037871,0.019787495635353536,0.26259363189692636,0.5480364857138323
WTI,2018-10-10,0.9573694806262334,0.019651462992374913,0.26251685778231004,0.5482984257396527
WTI,2018-11-08,0.9518802637800495,0.0194886654234967,0.26248754767011045,0.5486490233783887
WTI,2018-12-07,0.9759832973613297,0.016696865655231874,0.2661808797869122,0.5462531270717201
WTI,2019-01-11,0.9849158612897805,0.017588088686218195,0.26287129215293087,0.5485334322214611
WTI,2019-02-11,0.9716603451141855,0.017568485063976402,0.2641921542529458,0.5466552476180082
WTI,2019-03-12,0.9636677961218378,0.0174506913348505,0.26428459695644,0.5470006649508048
WTI,2019-04-10,0.9562667749474085,0.01741454897758621,0.2643195205880393,0.5473489533288781
WTI,2019-05-10,0.9497938532019549,0.017334109327099667,0.2642873540596241,0.5477777240079197
WTI,2019-06-11,0.9664372808784858,0.01729809154525258,0.2658051017539154,0.5453197443286275
WTI,2019-07-10,0.9691560069566142,0.016798651819116384,0.26351482629452594,0.5477235452559043
WTI,2019-08-08,0.9849489781249269,0.016971605576581283,0.26168925523734043,0.5486917349020225
WTI,2019-09-06,0.9745414891588381,0.016745260808312623,0.2637103665508235,0.5460248511834799
WTI,2019-10-07,1.0440892085109261,0.029182573818976543,0.23475507931241613,0.5534845781734097
WTI,2019-11-05,1.0387945548163557,0.02907774358540205,0.2395302282585885,0.5470449973451638
WTI,2019-12-04,1.0411556349878595,0.029254192512180754,0.23883723122556244,0.5474271592291851
WTI,2020-01-06,1.024626905202035,0.029229354683556363,0.23889092584015573,0.5480432859842621
WTI,2020-02-04,1.0265870937889745,0.029142166772726408,0.2384625171334283,0.5483420677254589
WTI,2020-03-04,1.0366426413710232,0.029670814869127926,0.23887545195273308,0.5470213276867627
WTI,2020-04-02,-3.284431641612446,-0.02726197648478479,-0.19018916346413942,1.9456124091894396
WTI,2020-05-04,0.03915391132866364,0.244620904284643,-0.42751814634364116,1.4186214739628848
WTI,2020-06-03,3.2365209545031504,0.2533495932094977,-0.06593399281234318,0.5020429335896553
WTI,2020-07-02,3.2160479315806834,0.25327613207003363,-0.06588153403574747,0.501956880406854
WTI,2020-07-31,3.1901075620139667,0.2532752843013284,-0.06583522638598131,0.5019736991733996
WTI,2020-08-31,3.1706843256859507,0.25327634568595386,-0.06583212914566218,0.5020581491934015
WTI,2020-09-29,3.1775521460746337,0.2532511048209707,-0.06582873002191411,0.5020237514968087
WTI,2020-10-28,3.1778025981658176,0.2532564089534359,-0.06583291061779162,0.5020246811258013
WTI,2020-11-26,3.1708476614398506,0.25324824851611677,-0.06582638611736329,0.5020002738440513
WTI,2020-12-28,3.146607271993078,0.2532518172405123,-0.06579336723905949,0.5020312359400141
WTI,2021-01-27,3.1314307895576925,0.2532485824063852,-0.0657914468285351,0.5020963166556188
WTI,2021-02-25,3.119838141763122,0.25324510398475536,-0.06579227683907313,0.5021533324795525
WTI,2021-03-26,3.139495168726881,0.2532205856749319,-0.06572933702530778,0.5020698364704229
WTI,2021-04-27,3.1101343719213954,0.2532264055081521,-0.06570162255411544,0.5020397726070417
WTI,2021-05-26,3.1000695539426566,0.2532246218747864,-0.0657008416611724,0.5020811652983255
WTI,2021-06-25,3.0789546056959556,0.25322635488768463,-0.06568884865434002,0.5021576697087465
WTI,2021-07-26,3.081648907055214,0.2531851509297302,-0.06567854263164838,0.5021669005875421
WTI,2021-08-24,3.070545735635733,0.25318117315107846,-0.06565902104631743,0.50216644031419
WTI,2021-09-22,3.05153672627502,0.2531827796307669,-0.0656548652165205,0.5022257565992612
WTI,2021-10-21,3.034606830118836,0.25318410043928574,-0.06565277793824321,0.5023027101544608
WTI,2021-11-19,3.0301657330864478,0.25317732832636297,-0.06565224327597534,0.5023270169675399
WTI,2021-12-20,3.0391341481729612,0.2531286442516039,-0.06565230581672998,0.5022453933853995
WTI,2022-01-18,3.0185212625821163,0.2531299166926322,-0.06561437468642205,0.502231145970774
WTI,2022-02-16,3.009195195083973,0.2531284417686083,-0.06561121208170706,0.5022696810107333
WTI,2022-03-17,3.082643382949537,0.2528201107936556,-0.06506999590014521,0.5021074766894104
WTI,2022-04-18,3.0653838018771262,0.252651437721624,-0.06495160522651311,0.5018995461065838
WTI,2022-05-17,3.059135435226992,0.2526014144940621,-0.06488112166878106,0.5018419942824717
WTI,2022-06-15,3.0344975609521834,0.2526052436372737,-0.06482585268511011,0.5018192348194214
WTI,2022-07-14,3.0566077113306065,0.25242637441991567,-0.06466546472254428,0.5017370181801697
WTI,2022-08-12,3.0413437124725275,0.2524005560107391,-0.06464394371462549,0.5017196466975201
WTI,2022-09-12,3.0408317852808233,0.25238438903965227,-0.06465753550720053,0.5017387602025665
WTI,2022-10-11,3.038359186922764,0.25236160794757684,-0.06467034937680063,0.5017706227434646
WTI,2022-11-09,3.028400991557369,0.2523506924449818,-0.06463717976199573,0.5017525194836924
WTI,2022-12-08,3.0210472322846713,0.2523413133050343,-0.06464003277236312,0.5017794576677355
WTI,2023-01-10,3.012118624331616,0.2523493281771899,-0.06466530361125698,0.5018189843380823
WTI,2023-02-08,3.000500844832581,0.2523391486029044,-0.06463964396790754,0.50184387547938
WTI,2023-03-09,2.986884120406411,0.2523364663926,-0.06463826066761323,0.5019028698024831
WTI,2023-04-10,2.988258001674151,0.25231942079632896,-0.06463512062172748,0.5018869560185155
WTI,2023-05-09,2.983402145005504,0.25231148176862184,-0.06461037525730656,0.5018733665958403
WTI,2023-06-08,2.9698279540447308,0.252309139060381,-0.0646025359840881,0.5019058037817261
WTI,2023-07-07,2.963858375905081,0.2523038428494422,-0.06460568513962697,0.5019252415297976
WTI,2023-08-07,2.9491196874871495,0.25230329937750035,-0.06459860084494781,0.5019792751785183
WTI,2023-09-05,2.935586530396508,0.2523042045451926,-0.06459669347423667,0.5020457781014528
WTI,2023-10-04,2.9310976810457894,0.2523005116480622,-0.06458802881471276,0.5020656323964235
WTI,2023-11-02,2.9256859965440736,0.25227891569301053,-0.06459343317734843,0.5021001281599264
WTI,2023-12-01,2.919928265137088,0.25227986822740384,-0.06460997760907142,0.5021215442896806
WTI,2024-01-03,2.9115585506836146,0.2522669906903066,-0.06460073041722751,0.5021465692669949
WTI,2024-02-01,2.8997211961649936,0.2522648616029717,-0.06459645246238295,0.5021885386607804
WTI,2024-03-01,2.886485318538825,0.252264493518094,-0.06459399091239564,0.5022481337779385
WTI,2024-04-02,2.8743580652070144,0.2522638420084279,-0.06459275336224884,0.502311964957248
WTI,2024-05-01,2.862675428513766,0.25226369164727475,-0.0645907328433607,0.5023742718265469
WTI,2024-05-31,2.8504913601684225,0.25226210653797826,-0.06459253609658877,0.5024457544343177
WTI,2024-07-01,2.839608493511305,0.2522597789106392,-0.06458734641349603,0.5024948444005967
WTI,2024-07-30,2.8302135061064204,0.2522543500326064,-0.064584736724364,0.5025473572294573
WTI,2024-08-28,2.828711909581629,0.25224546697917904,-0.06458710571552913,0.502556319810826
WTI,2024-09-26,2.8214327613945716,0.25223725713971307,-0.06457788934173125,0.5025723736758168
WTI,2024-10-25,2.821187506998685,0.252192486411105,-0.0645421782853019,0.5025641769636993
WTI,2024-11-25,2.812111546420291,0.2521746883787286,-0.06453035708640271,0.5025785046152882
WTI,2024-12-24,2.7968622719396805,0.25217470657107155,-0.06452288428650331,0.5026405611651428
WTI,2025-01-24,2.7900279899658655,0.2521739592076439,-0.06452617488096421,0.5026782924570207
WTI,2025-02-24,2.7777714528734596,0.2521718583307526,-0.06451773634580608,0.5027306142517886
WTI,2025-03-25,2.7664222614208747,0.2521696355224772,-0.0645135119643594,0.5027858015221873
WTI,2025-04-24,2.776380565141253,0.252198188205733,-0.06449796250990282,0.5026701336667068
WTI,2025-05-23,2.7617614627786033,0.25219797056275695,-0.06447535932468906,0.5026744240904786
WTI,2025-06-24,2.781490115078142,0.25216455602516813,-0.06446385523963086,0.5026311419692978
WTI,2025-07-23,2.7557886365168223,0.25217531495168805,-0.06445488886642681,0.5025995138563446
WTI,2025-08-21,2.7459186778553604,0.25217468268107845,-0.06445232836561582,0.5026427461645792
WTI,2025-09-19,2.736336334238434,0.252174703991053,-0.0644528956527839,0.5026921993257782
WTI,2025-10-20,2.7280579853529194,0.2521721219793905,-0.06445870578958544,0.5027397690599801
WTI,2025-11-18,2.7181520540296815,0.25216497005294214,-0.06445572908021419,0.5027880479758401
WTI,2025-12-17,2.7077933736959285,0.25216402642828833,-0.06445344204403111,0.5028443665222693
WTI,2026-01-19,2.7036792511503784,0.25215798983676185,-0.06445622343605946,0.5028716566837432
WTI,2026-02-17,2.6963462966731035,0.25215061970579866,-0.06445109694398082,0.5028971104877785
WTI,2026-03-18,2.7606169705671073,0.251771366060146,-0.06305822839805139,0.5019247281064152
WTI,2026-04-17,2.8127605575358006,0.25053028627966273,-0.0634802037091235,0.5045294719742724
WTI,2026-05-18,2.779555503112377,0.2504744759856975,-0.06320037657480881,0.5034067494704734
WTI,2026-06-17,2.7842670370528633,0.25035714690281907,-0.06322411676335762,0.5035044610385313
WTI,2026-07-16,2.7832873502059177,0.25030642122932434,-0.0632503415872679,0.5035335847183047
WTI,2026-08-14,2.7931283752390628,0.2502179919755205,-0.06314337611893714,0.5034657832068743
WTI,2026-09-14,2.783711256719224,0.2502156651503936,-0.06310519493500236,0.5033806537659109
Brent,2009-12-31,1.4052116864045612,0.03374608485278546,-0.2851070854602326,1.0748953226931852
Brent,2010-02-02,1.3358017092567462,0.03358139507381691,-0.28368857930160263,1.0765181690712964
Brent,2010-03-04,1.371181108030901,0.03360260060851672,-0.28197295955914775,1.071972211984089
Brent,2010-04-05,1.3115358275362765,0.033692240079152114,-0.2811403806203527,1.0731880537022562
Brent,2010-05-04,1.2954013393612798,0.03363131057944946,-0.2811760557331135,1.073986115443296
Brent,2010-06-03,1.3875504010614712,0.03571667670941808,-0.28179021126342335,1.0687412794231888
Brent,2010-07-02,1.3216168313420051,0.034892500140666693,-0.275105603767669,1.0627277247773317
Brent,2010-08-03,1.31472727672057,0.03450642414818311,-0.2734713170149619,1.0615113635478992
Brent,2010-09-01,1.287028200877335,0.034031264576645126,-0.2755947333719448,1.0650330546650366
Brent,2010-10-01,1.2186845678264924,0.03409036331519466,-0.2738860856229477,1.0659432484758204
Brent,2010-11-01,1.1677136803985992,0.034061588061153,-0.2739177388062633,1.068615175491336
Brent,2010-12-01,1.1398425175639986,0.033947457171489004,-0.2741065565125851,1.0704288899568524
Brent,2010-12-31,1.0783102539412281,0.03393792635013215,-0.27407167029439927,1.0737672720592468
Brent,2011-02-01,1.061965847003231,0.034073519545611275,-0.27424846634526456,1.0746582201800476
Brent,2011-03-03,1.1133102171449694,0.03435511364726601,-0.2727918012863421,1.0703337845229917
Brent,2011-04-01,1.039836056162738,0.034461684090350664,-0.2703873517472748,1.0702621134540296
Brent,2011-05-05,1.1359505232548164,0.03466131681276036,-0.27120287126003007,1.066385032775033
Brent,2011-06-13,1.0912871836195837,0.03849822161529581,-0.2586050100151099,1.0480951564443692
Brent,2011-07-19,1.107488319831131,0.038169325696280454,-0.25339128392154675,1.0414671062868885
Brent,2011-08-17,1.1001041046588496,0.03825224677863476,-0.2483023909670139,1.035462006135384
Brent,2011-09-16,1.0765460539606966,0.03802422781733589,-0.24774710477240408,1.0360169495884197
Brent,2011-10-17,1.0695133053772585,0.03740322941155977,-0.24703534002739277,1.0359323809439893
Brent,2011-11-15,1.0456272999610632,0.03732392494996806,-0.2470846927532045,1.037069130384695
Brent,2011-12-15,1.0254987766831454,0.03725665990668142,-0.2472078254186379,1.0382305112026073
Brent,2012-01-18,1.0097534482129042,0.0371827087378922,-0.24739855380003412,1.0392680433971386
Brent,2012-02-16,0.97316118543768,0.03724050205136581,-0.24732351071994868,1.0411402722001342
Brent,2012-03-19,0.9646053402076443,0.03717759148535199,-0.24737114166571697,1.041729098705802
Brent,2012-04-18,0.9360055461299374,0.03717149922223367,-0.24730416038630892,1.043287025458602
Brent,2012-05-17,0.9283012160952494,0.03715975870960675,-0.24760206924252326,1.0439848419691509
Brent,2012-06-18,0.9455877357156741,0.03637338482236879,-0.24637747046419003,1.0425046637732425
Brent,2012-07-18,0.9492572504180106,0.03581348940688589,-0.2471101071266682,1.0436244976730635
Brent,2012-08-16,0.905213336001586,0.035762865971097235,-0.24603534153739473,1.0442132389308725
Brent,2012-09-17,0.8823200470307284,0.03578738951963556,-0.24606109969489612,1.0455947604828635
Brent,2012-10-16,0.8891610635108932,0.03604088383615639,-0.2452315339835032,1.0436914812053437
Brent,2012-11-14,0.877996280346703,0.03602593895262585,-0.24491979800661504,1.0438856152952747
Brent,2012-12-14,0.8590596151867971,0.036158020017530934,-0.244976363676135,1.0447458542551784
Brent,2013-01-16,0.8395975628017199,0.03616235994225969,-0.24509843275953097,1.0460395834319671
Brent,2013-02-15,0.8163293206993216,0.03616974102113557,-0.2451384608617579,1.0475947926656932
Brent,2013-03-19,0.8057887262318746,0.03614443071087764,-0.2452085030067446,1.0483882789393202
Brent,2013-04-18,0.8068796746504239,0.03620518515715343,-0.24548065615805378,1.048519336518913
Brent,2013-05-17,0.8093363478937332,0.03615588671157388,-0.24534366031316462,1.0482519123223353
Brent,2013-06-18,0.7866244495149127,0.03616723437368724,-0.24522176031219914,1.0491907038971693
Brent,2013-07-18,0.7699011383272969,0.03619620574231308,-0.24498052870640094,1.049839010777615
Brent,2013-08-16,0.7552284797995169,0.03617534670928263,-0.24485084232872914,1.0506692906935884
Brent,2013-09-17,0.756072569565134,0.036187679808932616,-0.24498689261348472,1.0507435987328069
Brent,2013-10-16,0.739431749573544,0.03618995697753302,-0.24509240473028351,1.0518125211819662
Brent,2013-11-14,0.7322216637829994,0.03615932298044483,-0.24514142476758918,1.0523338917387484
Brent,2013-12-16,0.7176540235874622,0.0361540573475857,-0.24508955925428316,1.053190191112461
Brent,2014-01-16,0.7056317168650974,0.03617102809007422,-0.24521494099498076,1.0540692069181075
Brent,2014-02-14,0.6934230674032694,0.036179405548687316,-0.24526340441647562,1.0549226340035551
Brent,2014-03-18,0.6838962423981612,0.03620695264079471,-0.24534680400042116,1.0556095533588594
Brent,2014-04-16,0.6782009626057836,0.036211077848857576,-0.2453311289925585,1.0559573133720837
Brent,2014-05-16,0.6613975075842475,0.03620547107241878,-0.2452429994454456,1.0569755956993137
Brent,2014-06-16,0.6552386240520008,0.036198199532362585,-0.2452692870761536,1.057446119436637
Brent,2014-07-16,0.6428449312069561,0.03619607785452056,-0.2453191138233566,1.0583371666639463
Brent,2014-08-14,0.6371014124554234,0.03618691041000427,-0.24535872698087868,1.058784911837704
Brent,2014-09-15,0.6277858681537795,0.03618069956262665,-0.2453627337003041,1.0594087523866424
Brent,2014-10-14,0.6258802530877051,0.03613415756307348,-0.24564431896144132,1.0598488592774846
Brent,2014-11-12,0.6306856434387909,0.03580671709573724,-0.2452454156677498,1.0593122360791005
Brent,2014-12-12,0.6672705200008018,0.03416425431465375,-0.24584999659002923,1.0603674028629344
Brent,2015-01-14,0.6842832915748284,0.03227514342482968,-0.24122254797288695,1.056242945144514
Brent,2015-02-17,0.7054657961538207,0.03998821537086811,-0.2611389012643537,1.0724374077461096
Brent,2015-03-18,0.6994364134799717,0.0397919776547655,-0.2526167971011889,1.0572457614905293
Brent,2015-04-17,0.6918434574476291,0.0389309083896181,-0.2518428923447417,1.0565502485676797
Brent,2015-05-18,0.6812144419782952,0.03882435794557959,-0.25160560996163966,1.0563077774520804
Brent,2015-06-17,0.6979224497106677,0.0376877231790676,-0.2503643080057416,1.0553868071260322
Brent,2015-07-16,0.7017133898266111,0.03794844076381637,-0.24907948407069105,1.053460139997624
Brent,2015-08-14,0.7019053258044852,0.03748329193467759,-0.2496997794150787,1.0540587376780468
Brent,2015-09-14,0.7479867869669561,0.04063755491066695,-0.2377834022979378,1.0415868254497582
Brent,2015-10-13,0.7536333130112856,0.0409550605416269,-0.23951847645559082,1.036416090456984
Brent,2015-11-11,0.7382008532815513,0.04106641155269308,-0.23783880280318961,1.0332291886293634
Brent,2015-12-10,0.7503328065052947,0.041697409000265584,-0.23415445571429533,1.0272050810171174
Brent,2016-01-08,0.7700069017603804,0.04019026553352495,-0.23400130153086776,1.02907916392278
Brent,2016-02-08,0.812868558324993,0.04628106438711027,-0.2234646540579045,1.0138360552589594
Brent,2016-03-08,0.807428751014243,0.03809911267931443,-0.22786486186574229,1.034756743786252
Brent,2016-04-06,0.8272307271199923,0.03825710719695924,-0.21162962274372515,1.0030158522209
Brent,2016-05-05,0.8500217239532958,0.034131723798016544,-0.20420089184918905,0.9983379749395777
Brent,2016-06-03,0.8371930465052538,0.03430952451378527,-0.1999361028484662,0.9926428805730169
Brent,2016-07-04,0.8590130944129437,0.03421453899814725,-0.1976436272711608,0.9892706083774506
Brent,2016-08-02,0.8579774182566821,0.034573431332807825,-0.19524972684364902,0.9852192158114041
Brent,2016-08-31,0.8656380821596784,0.03434094106326541,-0.19440966353127298,0.9842798077018913
Brent,2016-09-29,0.8779669059143099,0.032804863698980224,-0.19284968734517297,0.9840352391484127
Brent,2016-10-28,0.8589912484260573,0.032858407378242915,-0.19401044698639197,0.9848071533745812
Brent,2016-11-28,0.8719426340918929,0.03210275355418618,-0.19439347945623592,0.9853524156659657
Brent,2016-12-27,0.902292363974603,0.040960032697077986,-0.19350733275082335,0.9715728818542145
Brent,2017-01-25,0.8880653997168038,0.04102723248221685,-0.1890832285186214,0.965777940212916
Brent,2017-02-23,0.8848948814445586,0.041092167802979584,-0.18906785365904266,0.9658327646357127
Brent,2017-03-24,0.8888534275124539,0.04139819969837899,-0.18835686786276573,0.964116563246779
Brent,2017-04-24,0.8843681856518193,0.04120857952132673,-0.1872155121331726,0.9630642786669276
Brent,2017-05-23,0.882941592564639,0.04093831043913748,-0.18748365543652712,0.963616611906377
Brent,2017-06-21,0.889067173667722,0.04077695989415819,-0.187212186617809,0.9631765514473932
Brent,2017-07-20,0.8850995723025304,0.04005427648745041,-0.18543006388592653,0.9617985658949193
Brent,2017-08-18,0.8779810762912432,0.03988098808651808,-0.185369105281243,0.9621925392299627
Brent,2017-09-18,0.8651231463642217,0.039885763759161086,-0.18500726697764117,0.9625594601299163
Brent,2017-10-17,0.866029254609069,0.03983420871009602,-0.18489725410109034,0.9623761801043228
Brent,2017-11-15,0.8651485561364667,0.03975503001958647,-0.184893962138566,0.9623927775907565
Brent,2017-12-14,0.8539130102335425,0.03979016146164038,-0.1845059708400524,0.9625792721140766
Brent,2018-01-16,0.8414807555109828,0.0398089799349402,-0.18447371698058826,0.9633689448563011
Brent,2018-02-14,0.8395838938321816,0.039845569388974655,-0.18459496215900645,0.963594059247991
Brent,2018-03-15,0.8359581156271509,0.03981633655691452,-0.1845972862089997,0.9638225021977492
Brent,2018-04-16,0.8467440014660987,0.03980568373631038,-0.1838924507240542,0.9624524231201442
Brent,2018-05-15,0.8381375669869314,0.03964566668721681,-0.18402221562548696,0.9629028835060022
Brent,2018-06-14,0.833064986934636,0.03965971987526118,-0.18399679935371974,0.9630151835875107
Brent,2018-07-13,0.8466442677718085,0.04020551062576888,-0.18495580251579768,0.9629403660727879
Brent,2018-08-13,0.8281077731053266,0.04014873134335806,-0.18247426837048106,0.9607244096977733
Brent,2018-09-11,0.8235642897356463,0.04007459286375298,-0.18241496452323866,0.961041712496374
Brent,2018-10-10,0.8200169449594633,0.04014548135255025,-0.18259167892484637,0.9613514015555314
Brent,2018-11-08,0.8278382032970241,0.03989896254239378,-0.18231746286325662,0.9607713451681031
Brent,2018-12-07,0.8588855759817087,0.04127530158817616,-0.1842240016476486,0.9624394066122018
Brent,2019-01-11,0.8623341288107714,0.03985476429233248,-0.18667583592412362,0.9643729725442278
Brent,2019-02-11,0.8434995803289711,0.03995020216969175,-0.18252584795882135,0.9580571940909857
Brent,2019-03-12,0.8403030190902522,0.03978720311162187,-0.18262753331750253,0.9584412006733873
Brent,2019-04-10,0.8345144648101201,0.0398032186027763,-0.18236715312162854,0.9584851488457482
Brent,2019-05-10,0.8433294345169086,0.03927706933505842,-0.18050842463593766,0.956339013048493
Brent,2019-06-11,0.8553367372494972,0.03932592956441,-0.17887355625166793,0.953993518705146
Brent,2019-07-10,0.8492435704639335,0.03958917624734004,-0.17979756440125405,0.9543452380058405
Brent,2019-08-08,0.8627525308365124,0.039347550598829606,-0.179024514445187,0.9534275322175305
Brent,2019-09-06,0.8638454922879807,0.03861313441676589,-0.17655413016929952,0.9515043589002299
Brent,2019-10-07,0.9021835490963622,0.038707805196650236,-0.16581864526768783,0.9346821664773008
Brent,2019-11-05,0.8988056005163055,0.03853173411859301,-0.16224245332019882,0.9289533090478448
Brent,2019-12-04,0.888037863395206,0.038609115482809486,-0.16208495823544014,0.9292485871057358
Brent,2020-01-06,0.8842660971309572,0.0386235933460366,-0.16246294684002133,0.929878866070151
Brent,2020-02-04,0.9017971289453292,0.037458351234620435,-0.1629704882099178,0.9307802049728118
Brent,2020-03-04,0.9001620449788664,0.03697659160412203,-0.16367235946846162,0.9317074737677536
Brent,2020-04-02,-2.809883253994655,-0.13195068795174048,0.19165008604958503,1.6426943038110897
Brent,2020-05-04,1.1175487400273478,0.3624135004788782,-0.40915508278799834,1.0785325000050066
Brent,2020-06-03,2.951286976572615,0.3615624504323517,-0.17010413642758115,0.4495564957529931
Brent,2020-07-02,2.9407560307440654,0.36141755007491216,-0.17008832565005727,0.4496212086531411
Brent,2020-07-31,2.9168460751749836,0.36141705825689413,-0.17002467378137226,0.44960885265916545
Brent,2020-08-31,2.9040099893201856,0.3614113948307645,-0.1700249696258832,0.44968627236322894
Brent,2020-09-29,2.912167963099089,0.3613375521495088,-0.16996347941169027,0.4496134873354937
Brent,2020-10-28,2.9122269125783546,0.3613253698908216,-0.1699475581242125,0.4496069545219622
Brent,2020-11-26,2.9091341741448176,0.3612898708348932,-0.16990148784055897,0.44956007396948977
Brent,2020-12-28,2.8891670294457783,0.3612928234683909,-0.169873387789129,0.44958654923254054
Brent,2021-01-27,2.87805902301856,0.3612785371160713,-0.1698650535594209,0.44963522698041025
Brent,2021-02-25,2.8657098594416404,0.36127651626023005,-0.16986003616266243,0.4497005074529513
Brent,2021-03-26,2.8937537262137107,0.36118175187570906,-0.1697087250316997,0.449574649100022
Brent,2021-04-27,2.8657150305191017,0.36118052277890894,-0.16965543297897664,0.44945659986964037
Brent,2021-05-26,2.855398080680976,0.36118053817155577,-0.16965368712402415,0.44950797786458957
Brent,2021-06-25,2.835725579147134,0.3611840395499362,-0.16963718181813722,0.4495995966003109
Brent,2021-07-26,2.838623741302528,0.36112471743766056,-0.16963391846549145,0.4496217959912192
Brent,2021-08-24,2.832148838617049,0.36111063347853545,-0.1696196209864062,0.4496154822163101
Brent,2021-09-22,2.8159355331761358,0.3611124156526543,-0.16960863000966475,0.44966031762995257
Brent,2021-10-21,2.8012091246242914,0.3611134741469104,-0.16960635320733314,0.4497437374783057
Brent,2021-11-19,2.7938118350053887,0.36110683725768833,-0.16960516805267595,0.4497933782648469
Brent,2021-12-20,2.810002818171591,0.36063383601680765,-0.1693929396884803,0.4497394159907793
Brent,2022-01-18,2.7949081204150024,0.3606235428075667,-0.16935805183709862,0.44970383604029973
Brent,2022-02-16,2.7876858091391292,0.36061840126116346,-0.1693605804444185,0.4497410918737765
Brent,2022-03-17,2.86500726101611,0.35989836294280436,-0.16837438579374403,0.4497287113945485
Brent,2022-04-18,2.851169878875572,0.3595631306813183,-0.16810214582794772,0.44936738956559313
Brent,2022-05-17,2.8552041224050093,0.35949557004289184,-0.16811048302252693,0.4494411288749941
Brent,2022-06-15,2.834053788653343,0.35949690228953124,-0.16804035839713316,0.44937160259181264
Brent,2022-07-14,2.853104608522963,0.35921994607653135,-0.16779665192616422,0.4492579912300542
Brent,2022-08-12,2.8495816199454502,0.35918281742958863,-0.1677889586082663,0.449260847057761
Brent,2022-09-12,2.848607899484108,0.3591549606366098,-0.1678043687872302,0.44928711516230657
Brent,2022-10-11,2.845698567721003,0.359109940495374,-0.16782529150275238,0.44932262374971704
Brent,2022-11-09,2.8356645804002665,0.3591024929197716,-0.1677807218805488,0.4492953634028149
Brent,2022-12-08,2.8296202319643093,0.3590961084264673,-0.1677895892622314,0.44933456083479906
Brent,2023-01-10,2.827598267560135,0.3590765468381384,-0.16781712525753684,0.44937088124132823
Brent,2023-02-08,2.8148860117538734,0.35906974901268396,-0.16777664915299234,0.449373179186828
Brent,2023-03-09,2.805360317534874,0.3590655849402792,-0.16777919156723176,0.4494286803284897
Brent,2023-04-10,2.8109545644034806,0.3589709732044728,-0.16775507640131002,0.4494338706483347
Brent,2023-05-09,2.8074000908971395,0.35895401827341944,-0.16770759872578628,0.4493886619876675
Brent,2023-06-08,2.794110458036444,0.35895188005810164,-0.16769388499494314,0.4494131558028566
Brent,2023-07-07,2.787476821093222,0.3589453996510569,-0.1676954259880409,0.44943982243423114
Brent,2023-08-07,2.7749218260129243,0.35894491338162715,-0.16768832119891036,0.4495013328070692
Brent,2023-09-05,2.762678565598354,0.3589439459780502,-0.16768513085919468,0.4495794750723349
Brent,2023-10-04,2.762098438692122,0.3589457700291299,-0.16766110029172204,0.4495654261026273
Brent,2023-11-02,2.7626047259066655,0.358890545743059,-0.1676406006017125,0.4495644455836938
Brent,2023-12-01,2.759354184863979,0.3588941957746445,-0.167665951620653,0.4495644951207554
Brent,2024-01-03,2.7468778558787776,0.35887692109541824,-0.16765066962547445,0.4496043297381597
Brent,2024-02-01,2.736812801818721,0.35888177688340334,-0.16764652373234176,0.449644897215414
Brent,2024-03-01,2.724125239978884,0.3588806636044709,-0.1676438520110177,0.44973014852284454
Brent,2024-04-02,2.7141384409338154,0.35887957061463804,-0.16764524317973367,0.4498056969783023
Brent,2024-05-01,2.7116053579150656,0.35887325161508987,-0.16764691039705146,0.4498279511204363
Brent,2024-05-31,2.6979454026848253,0.35885910310963776,-0.1676465438456512,0.4499125418235229
Brent,2024-07-01,2.687072061537521,0.35885757546668046,-0.167643889392434,0.44997512894830827
Brent,2024-07-30,2.676119306371229,0.3588584880734647,-0.16764283237318725,0.4500537539247966
Brent,2024-08-28,2.6698291898946134,0.35884936172054016,-0.16764007532024455,0.4500898579776662
Brent,2024-09-26,2.6645885874194346,0.35883280777877735,-0.1676376247687123,0.45012238060272125
Brent,2024-10-25,2.667085022598649,0.3587763545482672,-0.16757205194062133,0.4500757340601518
Brent,2024-11-25,2.6554902363605533,0.35876515721632096,-0.1675534560563473,0.45009486123773074
Brent,2024-12-24,2.6446545873544105,0.35876535959824013,-0.16755178274107177,0.4501645304159294
Brent,2025-01-24,2.6348465843384457,0.35876335986564395,-0.1675538996972001,0.4502357434650351
Brent,2025-02-24,2.625240671415592,0.35876102047086944,-0.1675528158869908,0.45030152540556634
Brent,2025-03-25,2.615740684857522,0.35875878284911944,-0.16755094376838145,0.4503610904329003
Brent,2025-04-24,2.619869971992677,0.3587759567515525,-0.16750048342692628,0.4502389457599365
Brent,2025-05-23,2.6115460830073225,0.35877614656358336,-0.16748155653935837,0.450235832695537
Brent,2025-06-24,2.6298524851259084,0.3587369035845114,-0.16741415373727875,0.450165218030486
Brent,2025-07-23,2.6097329820043496,0.3586922622055313,-0.16737968329720576,0.45011596285971744
Brent,2025-08-21,2.6027008371971947,0.35868615522729536,-0.1673757778034191,0.4501508718874652
Brent,2025-09-19,2.594454390374464,0.35867995094426447,-0.16736976435716114,0.4501974298751516
Brent,2025-10-20,2.587832355643465,0.3586699888278266,-0.1673720682387325,0.4502414938612894
Brent,2025-11-18,2.583283560037943,0.35864328026175313,-0.1673669503251983,0.45026647251120927
Brent,2025-12-17,2.5727486979574503,0.3586418524024873,-0.16736347553168884,0.45032788478284774
Brent,2026-01-19,2.5694239110056247,0.3586336440935833,-0.1673552578820917,0.4503483806205351
Brent,2026-02-17,2.5672298124037543,0.3586146804146495,-0.1673638254060097,0.45035875832344724
Brent,2026-03-18,2.628445632135921,0.3580616831799569,-0.16603935232191322,0.44994793533285216
Brent,2026-04-17,2.693763859409211,0.35753698034528963,-0.16776583792676575,0.45518423108013406
Brent,2026-05-18,2.6690018432751863,0.3561086361462045,-0.16676884547351933,0.4536636678568601
Brent,2026-06-17,2.6713331659439676,0.35607789305439885,-0.16676894773275466,0.4536234170400925
Brent,2026-07-16,2.681197877318999,0.35588528639079864,-0.1667550823256383,0.45377829479046944
Brent,2026-08-14,2.7178983641668504,0.35540003240897833,-0.16550968039281125,0.45322394136685434
Brent,2026-09-14,2.7216494068146355,0.35521350430697257,-0.16529962933497475,0.45288446165522955
HenryHub,2009-12-31,7.49525758861304,0.038626972733900755,0.4150208292140763,0.19637472188785632
HenryHub,2010-02-02,7.81680145266774,0.06189583788255526,0.3874337939802231,0.1923832103231723
HenryHub,2010-03-04,7.557087090413988,0.061968863710823774,0.3895024462500645,0.19196829811958083
HenryHub,2010-04-05,7.434661115918237,0.06214739271493491,0.38944236020137446,0.19362792986757885
HenryHub,2010-05-04,7.286219274089181,0.061903601634789474,0.38910809792925233,0.19573262093326657
HenryHub,2010-06-03,7.043124313984882,0.062160573529354946,0.3890613534646233,0.1986340924639915
HenryHub,2010-07-02,6.905559021461497,0.062097014856232424,0.38887224670403353,0.20071291896802032
HenryHub,2010-08-03,6.729260696792227,0.062150111658000384,0.38893756722149814,0.20286400018045486
HenryHub,2010-09-01,6.5345644129227365,0.062228108122689585,0.38898530743969173,0.20569164236438758
HenryHub,2010-10-01,6.3829410170694985,0.062246149681955854,0.38906627045235476,0.2079969977270572
HenryHub,2010-11-01,6.309012488875242,0.06152571244310223,0.38897807296083037,0.20929654473756226
HenryHub,2010-12-01,6.373107547209074,0.06181607936830841,0.3876335754675793,0.20922924916011493
HenryHub,2010-12-31,6.226125543220535,0.06181696084520949,0.3883838216877973,0.2095309611328807
HenryHub,2011-02-01,6.137435506697539,0.06155805330314906,0.38811872899254485,0.21102434256749936
HenryHub,2011-03-03,6.0070058481969095,0.06160517640665031,0.3884063275176646,0.21243736612653966
HenryHub,2011-04-01,5.879024838427957,0.06158042963909832,0.3883342705766016,0.2145151598277141
HenryHub,2011-05-05,5.74167035895619,0.06153088535723483,0.3886188917575231,0.2164755141572378
HenryHub,2011-06-13,5.684471389817377,0.06110675138804916,0.38866890100865303,0.21728715537452595
HenryHub,2011-07-19,5.557325986100502,0.06116022377726266,0.38879305544042303,0.21894403763436682
HenryHub,2011-08-17,5.442026227622553,0.061145667942805404,0.3888514003482269,0.2208314604069179
HenryHub,2011-09-16,5.365242436702457,0.061193083739234544,0.38861077045521836,0.2222373645617047
HenryHub,2011-10-17,5.307965807202112,0.061095932822179344,0.38863627801046297,0.22316838974009776
HenryHub,2011-11-15,5.221576254376215,0.06112384603888266,0.38833008231612426,0.22455912271221753
HenryHub,2011-12-15,5.242370728131242,0.06249442847294623,0.3863014259673308,0.22397786303232617
HenryHub,2012-01-18,5.1860506940040425,0.06238532133966984,0.3870117175602445,0.22357476128357653
HenryHub,2012-02-16,5.2538174746553175,0.06334940045614978,0.3871714106734705,0.22071738809063293
HenryHub,2012-03-19,5.210926922963648,0.06326273220559803,0.3870637194427466,0.22087321369186252
HenryHub,2012-04-18,5.153525937972522,0.0633283658411754,0.3867473445608931,0.22146804366935832
HenryHub,2012-05-17,5.140225208975019,0.06302444477418556,0.38637977934498996,0.22198452789735873
HenryHub,2012-06-18,5.153444161303074,0.061875212382562716,0.386854136959996,0.22220225857585865
HenryHub,2012-07-18,5.118180926454637,0.0610873375259689,0.38647327490057864,0.22294215183618196
HenryHub,2012-08-16,5.0579016080785175,0.0607565252477868,0.38640752481413887,0.22376457579594738
HenryHub,2012-09-17,5.029252431633889,0.060802681578701945,0.38646305229031847,0.22402740989700534
HenryHub,2012-10-16,4.937387525759174,0.06085117165688497,0.3866564937875473,0.22500200677234866
HenryHub,2012-11-14,4.8917434948705605,0.06079410819645542,0.3866288512108359,0.22582277979559756
HenryHub,2012-12-14,4.839514473013261,0.06074614331174083,0.3866433464497737,0.22651707792411901
HenryHub,2013-01-16,4.803085048193857,0.060607682064563184,0.3866578519850889,0.22711094463305867
HenryHub,2013-02-15,4.752576300205078,0.06076252153367656,0.38641330757265185,0.22776645399136505
HenryHub,2013-03-19,4.681074522821528,0.060696312853301515,0.3866353799845136,0.22873035680016093
HenryHub,2013-04-18,4.608787812503591,0.06075401056440716,0.386547602434816,0.23007300738514014
HenryHub,2013-05-17,4.56291908247786,0.060663082670694035,0.38626280129649393,0.2311530836746669
HenryHub,2013-06-18,4.49634541740878,0.0607549776562471,0.38618508465758816,0.23224602922822404
HenryHub,2013-07-18,4.424434379723167,0.06073014499417134,0.3862556687338722,0.233581314406999
HenryHub,2013-08-16,4.353188408505148,0.060764233961587366,0.3863172385065491,0.23490004311425391
HenryHub,2013-09-17,4.301567630706221,0.06077911049172885,0.3862356851785365,0.23602205214046945
HenryHub,2013-10-16,4.22958525110525,0.06079350246531223,0.3862969293413729,0.2373641882982571
HenryHub,2013-11-14,4.196328515743935,0.060752015742314036,0.3863276564499768,0.23804473916363522
HenryHub,2013-12-16,4.160920176092467,0.06068115347464692,0.38631861164728765,0.23868171907662872
HenryHub,2014-01-16,4.148209196899522,0.06098741981335154,0.38583960199778133,0.23904647353755168
HenryHub,2014-02-14,4.467363009155075,-0.0027472407000670995,0.5873902277389048,0.1602771666108394
HenryHub,2014-03-18,4.8070849629046375,0.02373391026222721,0.38148125434424224,0.3349950077741631
HenryHub,2014-04-16,5.119000560750504,0.022364612030620123,0.42465094520923313,0.2516785491361748
HenryHub,2014-05-16,5.052646523206132,0.02238486086291902,0.424616196930444,0.2524367188418821
HenryHub,2014-06-16,5.00765560821545,0.022341155065547624,0.42461779152593637,0.252944571945502
HenryHub,2014-07-16,4.942290106227501,0.022347305527886163,0.42459265741474667,0.25362192047200455
HenryHub,2014-08-14,4.887399736896229,0.022360592972266446,0.4245485115626061,0.25421069463000495
HenryHub,2014-09-15,4.8315373214603,0.02237618378334688,0.4245487362288832,0.2548324714524983
HenryHub,2014-10-14,4.780527745528595,0.02236635579440971,0.42444327535668647,0.255446286201193
HenryHub,2014-11-12,4.7587620703742886,0.022284514998044125,0.4244686799425734,0.25569223529835766
HenryHub,2014-12-12,4.802708410435883,0.02163292261587768,0.42454224025504284,0.2556994220871666
HenryHub,2015-01-14,4.936818559560123,0.018603423544124142,0.42441905798477925,0.2572886449030562
HenryHub,2015-02-17,4.890574380644763,0.018845430752086167,0.4245375935035781,0.255814949405401
HenryHub,2015-03-18,4.985177441123857,0.016529320239608736,0.42765023649170186,0.25364545452392034
HenryHub,2015-04-17,4.929541342935553,0.01656387547950028,0.4278197279368181,0.2532399357966374
HenryHub,2015-05-18,4.879690872759214,0.016558778559968068,0.42789543216075115,0.25359893312890414
HenryHub,2015-06-17,4.840435840215943,0.01653393913678347,0.4278594796361349,0.2540381212934208
HenryHub,2015-07-16,4.79878151164559,0.016495520000400832,0.4278899423829657,0.2544423947331129
HenryHub,2015-08-14,4.755030731404829,0.016494846520527406,0.4278258229009661,0.2549806095121047
HenryHub,2015-09-14,4.697693654829126,0.01650655261743017,0.42786067032919645,0.25554022460544656
HenryHub,2015-10-13,4.669391367654134,0.016539710151575404,0.42768924550084614,0.2559878708182173
HenryHub,2015-11-11,4.672971815130301,0.01617320077540002,0.42802223514190235,0.2558864887781891
HenryHub,2015-12-10,4.619744351949675,0.01617676721217809,0.42824953579213937,0.25594460115009976
HenryHub,2016-01-08,4.893579483292744,0.027659032692811725,0.40201235447629086,0.2643997995198415
HenryHub,2016-02-08,4.8947614889672835,0.027255351686813423,0.40483461444983493,0.25914054997060704
HenryHub,2016-03-08,4.880760510867227,0.02703755929974705,0.40462881384858634,0.2594494404667469
HenryHub,2016-04-06,4.863669400007145,0.027112665912995437,0.40436400430907465,0.2595587736799061
HenryHub,2016-05-05,4.882012141820422,0.026813840939819034,0.4040801570385592,0.2593813325803109
HenryHub,2016-06-03,5.003639403372184,0.026624193145744768,0.4008959080927387,0.2616927722760442
HenryHub,2016-07-04,4.927292988511972,0.02754724467711961,0.39918704140107003,0.26137243382675573
HenryHub,2016-08-02,4.9156173253085,0.02746677167249667,0.3993105195636282,0.2614026222858509
HenryHub,2016-08-31,4.853954458419808,0.027561400232837485,0.3991167292305355,0.26206535726588265
HenryHub,2016-09-29,4.824650518282898,0.027566538858216083,0.3990392002389191,0.2624541207128925
HenryHub,2016-10-28,4.81060460820595,0.02761959387677443,0.3986679905877018,0.26281792085794825
HenryHub,2016-11-28,4.912990345344269,0.02772970895300425,0.398116115670396,0.26287257438462275
HenryHub,2016-12-27,4.876430301187942,0.027161269188354487,0.39851463978972057,0.2626444577442187
HenryHub,2017-01-25,4.852561603587334,0.026981851751901098,0.3986089446836711,0.26277186273843867
HenryHub,2017-02-23,4.875999104334341,0.026765383465000514,0.39862409388961445,0.26274817434754383
HenryHub,2017-03-24,4.875956548064706,0.026595519786317245,0.398692368773289,0.26263402183858153
HenryHub,2017-04-24,4.826513982050533,0.02660121277048455,0.3989227846446934,0.26266403402986754
HenryHub,2017-05-23,4.800519427861755,0.026541328349419135,0.3989225276939017,0.26300087710942144
HenryHub,2017-06-21,4.782890711929782,0.026453820833209185,0.39884184973947556,0.2632941289609795
HenryHub,2017-07-20,4.735946867657183,0.02646515470563554,0.3989559215458922,0.2636266542659659
HenryHub,2017-08-18,4.6965399971190225,0.026483876875438017,0.398920858659681,0.2641445976675597
HenryHub,2017-09-18,4.667674099032433,0.026460980366334874,0.3989448045868098,0.2645091557083054
HenryHub,2017-10-17,4.649309883637939,0.026421946684116626,0.3987107589152047,0.2649114436666622
HenryHub,2017-11-15,4.6506237509666315,0.026306065361312747,0.3987212184416863,0.2648774830655094
HenryHub,2017-12-14,4.639460795971003,0.02613914655694366,0.39871866624857855,0.26504562459774667
HenryHub,2018-01-16,5.594149720266344,-0.13821636473292437,0.6472031393338262,0.21412901542273297
HenryHub,2018-02-14,6.944114378024902,-0.09978596669932022,0.6359726338364067,0.084131447460997
HenryHub,2018-03-15,6.898428004316526,-0.09983265355982768,0.636608278760409,0.08324508712420753
HenryHub,2018-04-16,6.856999767901819,-0.09982418430272805,0.636596063281239,0.08350200914389729
HenryHub,2018-05-15,6.801661211522869,-0.09981708265320344,0.6366482018686039,0.08385099155244867
HenryHub,2018-06-14,6.7591040140241745,-0.09979442123688409,0.6365958361724869,0.0841845598154791
HenryHub,2018-07-13,6.706781486958469,-0.09976567532477132,0.6366051965318731,0.08450945212202524
HenryHub,2018-08-13,6.665119271697867,-0.09975985776464047,0.6365957589526636,0.08482104606927571
HenryHub,2018-09-11,6.612279380636657,-0.09974956313672828,0.6366372825166925,0.08516599183336114
HenryHub,2018-10-10,6.581292770291383,-0.09974807142412434,0.6366102889886744,0.08542330281225699
HenryHub,2018-11-08,6.564025921202703,-0.09973519058210178,0.6364460480826444,0.08558399747438691
HenryHub,2018-12-07,6.6130708158387925,-0.09905822309689122,0.6351397168838827,0.0857776238519203
HenryHub,2019-01-11,6.659695591756489,-0.09889575304185144,0.6336731259094431,0.08636573913308342
HenryHub,2019-02-11,6.662562857780293,-0.0986054992970613,0.6325089784726339,0.0870828910855459
HenryHub,2019-03-12,7.0085386073897045,-0.05578302938084739,0.5685814111247762,0.10257051328852704
HenryHub,2019-04-10,6.9738975691425455,-0.055995458494556116,0.5718541111346482,0.09634664192355664
HenryHub,2019-05-10,6.929601920600679,-0.05597824119569733,0.5718391335145129,0.09667003856452676
HenryHub,2019-06-11,6.891386667627831,-0.055973259836053224,0.5718159298395769,0.09694138326838952
HenryHub,2019-07-10,6.8594033641535574,-0.055962826130195154,0.5718077845105877,0.09715062709371353
HenryHub,2019-08-08,6.856434776044382,-0.05581654110209594,0.5714923563730901,0.09728159396999374
HenryHub,2019-09-06,6.816416086237381,-0.055777349416819555,0.5713979983520185,0.09744194161794054
HenryHub,2019-10-07,6.829481358015876,-0.055301448085043614,0.5705756881710524,0.09756834086109564
HenryHub,2019-11-05,6.87220154896517,-0.05527647445201156,0.5703747870543122,0.09776352548304243
HenryHub,2019-12-04,6.838636428325474,-0.055140342034244894,0.5702811547807113,0.09753118163049693
HenryHub,2020-01-06,6.908981867433193,-0.05077314583381681,0.563205807169909,0.09940011016736373
HenryHub,2020-02-04,6.872690812733632,-0.05062257173681445,0.5630864357281472,0.09914569706467329
HenryHub,2020-03-04,6.857369052938233,-0.05062280837171296,0.5629547554048565,0.09928869378091583
HenryHub,2020-04-02,6.890263860640658,-0.05082460236888292,0.5629912161786866,0.09925258978392969
HenryHub,2020-05-04,6.928755381895036,-0.0507417886036276,0.5627440760532086,0.09960022294955861
HenryHub,2020-06-03,6.986996196859209,-0.05096739264788669,0.5628342474330498,0.09969202040853008
HenryHub,2020-07-02,7.046152113013399,-0.0495395723917087,0.5593818478174103,0.10253387995205876
HenryHub,2020-07-31,7.00042876275407,-0.049502669876332006,0.5596673037073341,0.10124011008407613
HenryHub,2020-08-31,7.014631241772449,-0.04944951643486806,0.5594395516157533,0.10131158336080741
HenryHub,2020-09-29,7.340279945187976,-0.05529252944338353,0.5623515282115125,0.1060330519141391
HenryHub,2020-10-28,7.413252698808422,-0.015088546759167099,0.501812909480793,0.14618543820016247
HenryHub,2020-11-26,7.460002402675585,-0.015429961293825012,0.5061152856898014,0.1368866007691483
HenryHub,2020-12-28,7.504171358227675,-0.01595321545609052,0.5061180729556541,0.13696207102276597
HenryHub,2021-01-27,7.4791873631292445,-0.01608202453702562,0.5062838696702833,0.13679577928148218
HenryHub,2021-02-25,10.717189031919641,0.5387383628959532,0.10357792087151059,-0.02949370096338619
HenryHub,2021-03-26,10.52682692871949,0.5398375885206081,0.09705320352417113,-0.014273145477311757
HenryHub,2021-04-27,10.482012442837583,0.5398410898973479,0.09705708032623281,-0.014193403789524548
HenryHub,2021-05-26,10.417851021997565,0.5398431151800323,0.09706132278093176,-0.0140737262364059
HenryHub,2021-06-25,10.369204886403116,0.5398453915345451,0.09706060471495485,-0.013976134503754995
HenryHub,2021-07-26,10.31793552156552,0.5398488568815876,0.09706056170249021,-0.01388653243305061
HenryHub,2021-08-24,10.26250829637909,0.5398549782985358,0.09706124161871987,-0.013777154228243285
HenryHub,2021-09-22,10.227155752856902,0.5398375992521017,0.09707045478718683,-0.013711819445595507
HenryHub,2021-10-21,10.225456464765605,0.5398412707915918,0.09703322522374487,-0.013698601208973071
HenryHub,2021-11-19,10.230911189848857,0.5397513315830212,0.0970934911547007,-0.013718121339731767
HenryHub,2021-12-20,10.224779243670783,0.5397250751647393,0.09708989160958566,-0.013719515278789427
HenryHub,2022-01-18,10.228522881426908,0.5394868130880406,0.09725916898306702,-0.013728121991702686
HenryHub,2022-02-16,10.384538138202831,0.5371527540418269,0.09902261177203878,-0.01393651357835844
HenryHub,2022-03-17,10.358214765379488,0.5371348862639544,0.09908629596239077,-0.014057732860027625
HenryHub,2022-04-18,10.339735250340693,0.5371259312149146,0.09908783666878104,-0.014030627125592518
HenryHub,2022-05-17,10.351247844586123,0.536955232560224,0.09914384519075707,-0.014037716180715596
HenryHub,2022-06-15,10.392931776315091,0.5364910541440886,0.09942243222763286,-0.013967758425850811
HenryHub,2022-07-14,10.409742954797078,0.5361323046046205,0.09977860624879846,-0.014048994400652902
HenryHub,2022-08-12,10.425324958930151,0.5359355356317957,0.09985443961269629,-0.014008765404495924
HenryHub,2022-09-12,10.39566006358705,0.535908390309823,0.09987059713697381,-0.013988008466602388
HenryHub,2022-10-11,10.434408378002553,0.5356194857842251,0.09996988918186907,-0.013979397469384857
HenryHub,2022-11-09,10.552673293199321,0.5357989108723566,0.09979132166515489,-0.013637775753374208
HenryHub,2022-12-08,10.805163763299845,0.5301530927228413,0.10349343658468721,-0.01248313258516025
HenryHub,2023-01-10,11.11012325284852,0.5221739282158199,0.10743229973079765,-0.007987761068312034
HenryHub,2023-02-08,11.12649743784595,0.5221188775634428,0.10741334667755387,-0.008006747444656816
HenryHub,2023-03-09,11.101806062898058,0.5220846167288259,0.1074250617571093,-0.008003336631260054
HenryHub,2023-04-10,11.099231257309263,0.5219862018543465,0.1074734778106737,-0.008021194564967393
HenryHub,2023-05-09,11.124250251910198,0.521773919981398,0.10749609157391053,-0.007970763064783032
HenryHub,2023-06-08,11.175700818666613,0.5210573279074178,0.10802532299266163,-0.008047222424281722
HenryHub,2023-07-07,11.206624554118576,0.5205316350227445,0.10830961615906191,-0.00793226600602741
HenryHub,2023-08-07,11.164937612221275,0.5205341754102979,0.1083467295200708,-0.007956488580378134
HenryHub,2023-09-05,11.142583270260289,0.5205042374142901,0.10836342927223677,-0.007924751469578724
HenryHub,2023-10-04,11.135217781842034,0.5203928357799816,0.10842761355523176,-0.007914473530846297
HenryHub,2023-11-02,11.124870766342543,0.5201593487079503,0.10859161732388281,-0.007922740512911952
HenryHub,2023-12-01,11.276264742327344,0.517420491386619,0.11012298960650502,-0.008019484951898238
HenryHub,2024-01-03,11.245083916782056,0.5173790991111666,0.11012158587662894,-0.007889565307446238
HenryHub,2024-02-01,25.45926574052929,-0.018411014974417272,0.43552189547993536,-0.0760918294573784
HenryHub,2024-03-01,24.99978225182418,-0.01796949492017902,0.4276198296613704,-0.04888979083545679
HenryHub,2024-04-02,25.016658912963337,-0.018009837223992436,0.427606274236298,-0.04892705611924183
HenryHub,2024-05-01,25.145992948523972,-0.017968439374814987,0.42753159647294386,-0.04878758291360038
HenryHub,2024-05-31,25.185438132924094,-0.017999464247266173,0.42756475136334876,-0.048862684782721266
HenryHub,2024-07-01,25.336345396991433,-0.018236494441778134,0.4277668716148707,-0.04919561770416792
HenryHub,2024-07-30,25.315569922496003,-0.018229864815997643,0.4277187577683984,-0.049183897046359934
HenryHub,2024-08-28,25.341994027493207,-0.018219512349046424,0.4277152506496517,-0.04921974965765775
HenryHub,2024-09-26,25.251758547963096,-0.018198790716338842,0.4276798089464092,-0.04919036366317048
HenryHub,2024-10-25,25.243836662444117,-0.018214866716437184,0.4276566937356977,-0.04916618641296577
HenryHub,2024-11-25,25.975486548917008,-0.019364989374801383,0.429801496934921,-0.04753172536189002
HenryHub,2024-12-24,25.951754206723834,-0.019341171152073122,0.42978112212077596,-0.04775517386735582
HenryHub,2025-01-24,28.15815695129933,-0.02995299890780842,0.43609922931638906,-0.04742691320642042
HenryHub,2025-02-24,28.28662729346677,-0.028106321938051487,0.4293012909118634,-0.039299225477568936
HenryHub,2025-03-25,28.160887251786797,-0.027903179651006693,0.42866198298886,-0.03940448915689115
HenryHub,2025-04-24,28.129524023688596,-0.0279019796785325,0.4286580295842769,-0.03938744078011583
HenryHub,2025-05-23,28.050265314554295,-0.02789809914450392,0.42866725487003376,-0.039364842879985686
HenryHub,2025-06-24,28.128844691661385,-0.027909947134479418,0.4286760436004312,-0.03939102605040997
HenryHub,2025-07-23,28.0211428656251,-0.02789691446006809,0.4286905251711988,-0.03945433279488576
HenryHub,2025-08-21,27.906605315064716,-0.02788896346492653,0.4286821170536507,-0.039310877178876116
HenryHub,2025-09-19,27.83132946015574,-0.027882906660466278,0.42867120265750713,-0.03922046714038051
HenryHub,2025-10-20,27.77384479864493,-0.027877685165809213,0.42865936784578706,-0.03915575621042431
HenryHub,2025-11-18,27.685484374737534,-0.027864826288141797,0.4286468768095614,-0.03909592651612085
HenryHub,2025-12-17,27.64598747652773,-0.027873956779112197,0.4286455769150605,-0.039055903434799005
HenryHub,2026-01-19,27.856847473466054,-0.028234305599963122,0.4289468730891367,-0.03939005249766758
HenryHub,2026-02-17,30.281330788881068,-0.006170327610308418,0.41328131265895884,-0.004973193241977707
HenryHub,2026-03-18,30.250196261858672,-0.006193760820801669,0.41376516884909736,-0.006461603348004073
HenryHub,2026-04-17,30.14529808096774,-0.006191270116417152,0.4137659708894877,-0.006358487377726979
HenryHub,2026-05-18,30.042888296823037,-0.00618836356409716,0.4137696931927006,-0.006256349643098081
HenryHub,2026-06-17,29.953668935231264,-0.00618280660648346,0.4137653518508953,-0.006175851121440794
HenryHub,2026-07-16,29.86229463249853,-0.006181483379890662,0.41375808280287935,-0.006082779215032735
HenryHub,2026-08-14,29.76079550082042,-0.006179146230629429,0.41375890623176786,-0.00599171907242611
HenryHub,2026-09-14,29.648147928005116,-0.006175809762384354,0.41376579348567627,-0.0058751825207083155
Book,2009-12-31,1.0256309351287622,0.08223991322838664,0.30818208210403825,0.2920057668952741
Book,2010-02-02,1.038309795015783,0.08628002917706362,0.3046616962647395,0.28790188137725337
Book,2010-03-04,0.9829836424522894,0.08632118712716769,0.306562383581094,0.2924425906018534
Book,2010-04-05,0.9551308568579944,0.08643345051732165,0.3065329586129449,0.29658379687499803
Book,2010-05-04,0.9172612668935968,0.08659651267024249,0.30575031873659,0.30229695148151975
Book,2010-06-03,0.9194607103756635,0.08716272338221748,0.30085986409079224,0.3053787008262132
Book,2010-07-02,0.8880491723090845,0.08708153663426571,0.3023925869655041,0.3067996357233233
Book,2010-08-03,0.8507193910261317,0.08712886818012983,0.30293979792914894,0.3115450308088572
Book,2010-09-01,0.8254153787276743,0.08709794184405767,0.3028306762478144,0.31558481540879857
Book,2010-10-01,0.798471192052658,0.08720108447351355,0.30256544754948783,0.31969998760794666
Book,2010-11-01,0.78051214449329,0.08726112173488709,0.3022270378927981,0.3224022259629921
Book,2010-12-01,0.7821133656237117,0.08708377791950922,0.3007565245652115,0.32348041505452624
Book,2010-12-31,0.7528119412899773,0.08731080800382784,0.30152152969124263,0.3257736409366159
Book,2011-02-01,0.7439040275604912,0.08702045408300252,0.30184137254059307,0.32703804329847863
Book,2011-03-03,0.7344445762386358,0.08628441828461159,0.30080048300088813,0.3293710383449993
Book,2011-04-01,0.7176078020845511,0.08619178910953013,0.30111944406562685,0.3310758145922254
Book,2011-05-05,0.7099668145876262,0.0855920758093302,0.30045337630773594,0.3331035836333456
Book,2011-06-13,0.7388174987480459,0.08753071637923954,0.28304982707499854,0.33888646065316325
Book,2011-07-19,0.7198828367922975,0.08729286890222798,0.28451727954572303,0.33938109416734225
Book,2011-08-17,0.7133908507871715,0.08655099501600749,0.2848472546425766,0.3405115409662241
Book,2011-09-16,0.7033854993715023,0.08634014924436556,0.2848850678849682,0.34163870786435374
Book,2011-10-17,0.7109620517372356,0.08564545362029674,0.284442122986172,0.3415036145985018
Book,2011-11-15,0.6950570860787136,0.08543688363992419,0.2847139948430432,0.3425153363336902
Book,2011-12-15,0.6969077851818405,0.08550436215278123,0.2835597757769978,0.343057803539902
Book,2012-01-18,0.6830130475730586,0.08581690474195558,0.28299383654472915,0.34474056390515134
Book,2012-02-16,0.6841411019205581,0.08659506191832267,0.28206461223417756,0.3439321302683172
Book,2012-03-19,0.6740036963490588,0.08643706920447408,0.2817927411481774,0.34547274145245727
Book,2012-04-18,0.6571339579313284,0.08633515723410196,0.2821921359842823,0.3477643801181243
Book,2012-05-17,0.6492886578132244,0.08606990596654834,0.2821219017858089,0.34919196770962657
Book,2012-06-18,0.647348785061022,0.08587212372289366,0.2817541378723529,0.34999404423138664
Book,2012-07-18,0.6444009578167683,0.085935611875959,0.28156133689951923,0.3497560093719035
Book,2012-08-16,0.6319658894024857,0.08560278035398106,0.28204613840106296,0.3510846041749397
Book,2012-09-17,0.624592894318532,0.08555183514172832,0.282423933433051,0.35201747949364753
Book,2012-10-16,0.6129937878614931,0.0856807670137556,0.2818546860141246,0.35418786163882304
Book,2012-11-14,0.6044171275688957,0.08561330616907659,0.2820515338095422,0.3553765283236353
Book,2012-12-14,0.5922139938851824,0.08562318865712393,0.28238598354233063,0.3568244071405234
Book,2013-01-16,0.5856094911043377,0.0855898533271568,0.2823305619075758,0.35805273900419426
Book,2013-02-15,0.5762646354187815,0.08552765109987792,0.2822682418506041,0.3596153558481392
Book,2013-03-19,0.5644620400236746,0.08551596355526053,0.2824225423663434,0.3614591197483515
Book,2013-04-18,0.5544727487911063,0.08548166327226692,0.2823649126224344,0.36331436402028566
Book,2013-05-17,0.5461254139379953,0.08546110042735566,0.28220474397430595,0.3649155968032067
Book,2013-06-18,0.5358605845824227,0.08544278414823842,0.2824064437625168,0.3665137546167748
Book,2013-07-18,0.5277239731386364,0.08540702034213571,0.2822121605261334,0.3681983053873456
Book,2013-08-16,0.5186081201478251,0.08543660250069007,0.2821761862350521,0.36980061352136173
Book,2013-09-17,0.5087936035081202,0.08545337658600277,0.28227281624180284,0.3715121429337815
Book,2013-10-16,0.5021844668048966,0.08549982896634262,0.2821454888564073,0.3727722982348958
Book,2013-11-14,0.4980364904600576,0.08542623910734598,0.28203753734320935,0.37365966871966266
Book,2013-12-16,0.49036643809918073,0.08539876270600211,0.28208701985411017,0.3748948887420162
Book,2014-01-16,0.486262865256849,0.08540612357269778,0.28206026635722076,0.3756031548754674
Book,2014-02-14,0.5627712281086729,0.03910160540297397,0.3811947500838301,0.32913482569180486
Book,2014-03-18,0.6297483630459676,0.0238089026669151,0.2641162647214587,0.4369135911225762
Book,2014-04-16,0.6682391154589222,0.022631838131474735,0.30495729482567085,0.36139983674139864
Book,2014-05-16,0.6581107322035561,0.02265582812227085,0.3049030535802883,0.3629066086515504
Book,2014-06-16,0.64927999744241,0.02265669972791695,0.3048410924997841,0.3642486484790382
Book,2014-07-16,0.6400643935055074,0.022672593428785415,0.30478052841418646,0.36562224615695954
Book,2014-08-14,0.6340159419016341,0.022603112751491794,0.30461161379066176,0.36661918316058606
Book,2014-09-15,0.6292987270146343,0.022604393554794877,0.3043301359247098,0.3674544913789781
Book,2014-10-14,0.6198112566095832,0.022622792604773734,0.30444111292346876,0.36848772382704825
Book,2014-11-12,0.6163256348689607,0.022631278562465273,0.3041755089938452,0.3691244510747066
Book,2014-12-12,0.6258468272145754,0.023540697871121674,0.3036773613674184,0.36722536516608834
Book,2015-01-14,0.642986376815731,0.021264094241333298,0.30317842977977927,0.3733023284423727
Book,2015-02-17,0.6415830157211407,0.020388204017956046,0.30342062911994505,0.37034596672277115
Book,2015-03-18,0.6471464992550816,0.0202018315673137,0.3031734175861437,0.37053400522189295
Book,2015-04-17,0.6455548950917892,0.020157722993962512,0.3032119994133922,0.3701480317665084
Book,2015-05-18,0.636929966072065,0.02024814102616762,0.30344330557375293,0.37029748518220446
Book,2015-06-17,0.6329677840262141,0.020356061934522884,0.30310499481631853,0.37094946653192024
Book,2015-07-16,0.6325547801314203,0.020094654958611957,0.3030557902588155,0.3711183749688079
Book,2015-08-14,0.6269217933179905,0.020046891180752646,0.30317235522989167,0.37151635490301754
Book,2015-09-14,0.6397708513443753,0.023397416620251688,0.3005031537672852,0.3691003917157949
Book,2015-10-13,0.637414228980986,0.023391059574886852,0.3014905678094847,0.36700968272469153
Book,2015-11-11,0.6334139027539304,0.023375359784968075,0.30125826986690435,0.3674355312064665
Book,2015-12-10,0.6312227861403447,0.023348637403474592,0.3010699334796544,0.36763559893775194
Book,2016-01-08,0.6518957398857337,0.03605443833767091,0.28302032741964883,0.37051974923193626
Book,2016-02-08,0.6548492466502066,0.03456866588951707,0.2831760643827111,0.37482133350029784
Book,2016-03-08,0.6546379336642748,0.03409474343624841,0.28455002097553683,0.37181751711580624
Book,2016-04-06,0.657866212930017,0.03346660850638061,0.2845087130646419,0.3723844786396502
Book,2016-05-05,0.6558109157436345,0.033005092675535475,0.2846637038652301,0.37206743501644524
Book,2016-06-03,0.6620128179354937,0.03331975941074772,0.2820231276409812,0.3733422757656908
Book,2016-07-04,0.6554498076903519,0.03365146545021974,0.2812769044509693,0.37381552215135416
Book,2016-08-02,0.6563547260359777,0.033578670675883215,0.2814686908322242,0.37333746896998216
Book,2016-08-31,0.6483760556256866,0.03377577764796574,0.28144684062533976,0.373801771072183
Book,2016-09-29,0.65154343139237,0.03361535732774751,0.28145471801612143,0.3735820582621543
Book,2016-10-28,0.6446419018182861,0.03371101146210442,0.2814043301895833,0.3739013009943414
Book,2016-11-28,0.6560865710890885,0.033643053744680795,0.28143138559556397,0.37242113149948625
Book,2016-12-27,0.6557918396178367,0.03299839999650894,0.27869500067063274,0.3748216782231459
Book,2017-01-25,0.6541325260469419,0.03253541799299908,0.27927314282389926,0.374292519242287
Book,2017-02-23,0.6529961780515432,0.032368235187788086,0.27916495866946256,0.3746398891022307
Book,2017-03-24,0.6512381211701399,0.03279003441873324,0.2782653906400738,0.3750919824601845
Book,2017-04-24,0.6455744566062447,0.0328044878828726,0.27845693838985797,0.3754823018290088
Book,2017-05-23,0.6407561056090547,0.03279571257759739,0.27841385342862696,0.3761655612038515
Book,2017-06-21,0.640704402838601,0.03278786723637822,0.278025687933784,0.37640304674690717
Book,2017-07-20,0.6325229726259453,0.03279597707208681,0.27825338932474813,0.377202962429929
Book,2017-08-18,0.6282136800879171,0.032764173408053876,0.2782097959870173,0.3779750768280391
Book,2017-09-18,0.6251439517723851,0.03264308280166345,0.27815603866570765,0.378572067791529
Book,2017-10-17,0.6198383582921463,0.03264240551199665,0.27803355020241616,0.37931269478904506
Book,2017-11-15,0.6170675933889652,0.03266615727537325,0.27786332538943637,0.37973893667386166
Book,2017-12-14,0.6116462814989713,0.032644665410851814,0.27792450264863244,0.3804431604792501
Book,2018-01-16,0.6580472671179742,0.0009381711928242442,0.2921132282119149,0.44168641381827334
Book,2018-02-14,0.9050339536033859,0.010774876910156883,0.34987026885057615,0.2310867642265543
Book,2018-03-15,0.896224148015887,0.010772392094094807,0.3508235916705526,0.23028549805569096
Book,2018-04-16,0.8923021506839245,0.010794452646100405,0.3507010783933879,0.23073427516171693
Book,2018-05-15,0.8847130495082706,0.010798447460370397,0.350824407322654,0.23140520819119234
Book,2018-06-14,0.8795138253440153,0.010821921642866938,0.3507452065273614,0.23199657998817336
Book,2018-07-13,0.879878496157576,0.010683489729876317,0.35065349425647996,0.2319030662021515
Book,2018-08-13,0.8755790917297869,0.010705696126068531,0.35067029412853973,0.23209910589464164
Book,2018-09-11,0.8681634905139136,0.010717832638038882,0.35081973674072703,0.2327171224590308
Book,2018-10-10,0.8636974690436411,0.010674192324494292,0.350764391904344,0.23328488927437893
Book,2018-11-08,0.8597933865746158,0.010654384669149641,0.35070148238435395,0.23359830839036388
Book,2018-12-07,0.8702835845362725,0.010362403219307093,0.3505507848065545,0.2321635583990464
Book,2019-01-11,0.8733789791204154,0.010662918162388957,0.3490765621552266,0.23364286144913565
Book,2019-02-11,0.8699785433936595,0.010785064180865722,0.3490126989851753,0.23331854800421875
Book,2019-03-12,0.898863273263604,0.027130011092108663,0.3256434099707759,0.23586310921256348
Book,2019-04-10,0.8953426197017396,0.026972281948978383,0.3298275431176332,0.2280191524219657
Book,2019-05-10,0.8897607501994815,0.027012693930955123,0.329743945337801,0.22864358672492419
Book,2019-06-11,0.8883762644423315,0.026985359464585135,0.3297610716879182,0.22863185291463753
Book,2019-07-10,0.8852411677959768,0.026963336033984375,0.3298125157021043,0.22879394451878046
Book,2019-08-08,0.8803661020933409,0.02690590754517941,0.3296593023808504,0.22939305994676276
Book,2019-09-06,0.8797190379354074,0.026809889507230122,0.3296402487486042,0.22949792069786773
Book,2019-10-07,0.8883054560933855,0.02680657814513232,0.3302540617442838,0.22747132391898114
Book,2019-11-05,0.8871632695570104,0.026550060845185353,0.33069883033553754,0.2270349751920308
Book,2019-12-04,0.8858634486871086,0.02662891217810115,0.3305923076563482,0.22700107320616386
Book,2020-01-06,0.8871055980017485,0.028225717205230594,0.32772510255106574,0.22782759759340018
Book,2020-02-04,0.8825508154460435,0.028247170723496084,0.3278101162618656,0.22763749648680645
Book,2020-03-04,0.8802483143360674,0.02829148497891265,0.3277250463999329,0.2278587309588478
Book,2020-04-02,0.10926283570808291,-0.042528565061743406,0.048607946939501996,1.1016430650375455
Book,2020-05-04,0.8793463311342072,0.009339053090233862,-0.03649958531742645,0.7541305191147448
Book,2020-06-03,0.9717769796294821,0.010847098158357604,0.006069719445969395,0.6422529770887382
Book,2020-07-02,0.9705626150848594,0.0108004583660688,0.005960783708936971,0.6420599016344529
Book,2020-07-31,0.9572723808742681,0.010818900945236187,0.0064246563027133205,0.6415461952538624
Book,2020-08-31,0.9569156773739715,0.010842434264795087,0.006421949732545675,0.6414929557648695
Book,2020-09-29,0.9843146483562059,0.010194312834037544,0.007805752103549742,0.6409283951845222
Book,2020-10-28,1.018639170372535,0.009918813510541191,0.02085045985081153,0.6287480203338013
Book,2020-11-26,1.012658606832939,0.009866670398757604,0.026608353083183153,0.6175914508214461
Book,2020-12-28,1.0106326689197187,0.009804877341332341,0.026799926796216567,0.6173867503645032
Book,2021-01-27,1.005844817276569,0.009776291034810536,0.026867819462866364,0.6174543855276403
Book,2021-02-25,1.164729477345081,0.2485486472664042,0.10668228828993712,0.35149723484531786
Book,2021-03-26,1.4752868350215378,0.2463832760427494,0.181783971925921,0.14664031932034235
Book,2021-04-27,1.4700723469347812,0.24639855039607883,0.18176091179694773,0.14673003596769205
Book,2021-05-26,1.4615749961755393,0.24639991025844482,0.18177349986214134,0.14692737707784118
Book,2021-06-25,1.454080149511838,0.24640251531912272,0.18178085045418538,0.147126410836017
Book,2021-07-26,1.4475855686100019,0.24640193224479234,0.18177465118450478,0.147311197731898
Book,2021-08-24,1.4390732124622623,0.24640898300921404,0.1817912286075917,0.14752348522980382
Book,2021-09-22,1.4336580905562248,0.24640241371983618,0.18178254705098418,0.14767744147856668
Book,2021-10-21,1.4303355319077389,0.24642543470254874,0.18172388184753824,0.1477559303401251
Book,2021-11-19,1.4277161262660472,0.24639344208308422,0.18172022989511605,0.14779549218477395
Book,2021-12-20,1.4298211564053682,0.24663086821165708,0.18131268211934895,0.1477624174399215
Book,2022-01-18,1.426801844648911,0.24656812245614457,0.1813718067210783,0.1477524332593675
Book,2022-02-16,1.43792642800567,0.24585711923239145,0.181862392875579,0.1475956667009845
Book,2022-03-17,1.4368337329594736,0.24577264597801746,0.18206999955752573,0.14730065502416237
Book,2022-04-18,1.4351263400826626,0.2457408634861329,0.18205887436309215,0.1473285240619274
Book,2022-05-17,1.437667915401039,0.245806873220824,0.18192674169638123,0.14734452230289682
Book,2022-06-15,1.437677913846265,0.24568640475841147,0.18194984299362071,0.1473703971886917
Book,2022-07-14,1.4365162005358858,0.24559941817910813,0.18199954641923763,0.14735604339188302
Book,2022-08-12,1.4354252743586098,0.24545090445605144,0.1820174878448744,0.14740409862434203
Book,2022-09-12,1.4309416768034378,0.24544083313562032,0.18201004440768337,0.14748036108917167
Book,2022-10-11,1.4313494804047664,0.2453708649852525,0.1819270857546252,0.14755502144016597
Book,2022-11-09,1.4376417073193821,0.24556004354442768,0.18173593343193722,0.14757257991541575
Book,2022-12-08,1.4573777743044987,0.24431441264494808,0.18215349321408847,0.14796042684636104
Book,2023-01-10,1.4727861530566626,0.24300914456206263,0.1812179865954623,0.15136905615753374
Book,2023-02-08,1.4714447806599122,0.24299885229152507,0.18137641077669883,0.15084904264219154
Book,2023-03-09,1.465000801936194,0.2430175975908352,0.18133652916323942,0.15091555008312943
Book,2023-04-10,1.4623252424347992,0.24298807104297004,0.18133452182788187,0.15096321736077925
Book,2023-05-09,1.4647046337279546,0.2428402636284297,0.18135342766113108,0.15100731823933458
Book,2023-06-08,1.4636812733422029,0.24270970408804055,0.18146620836154934,0.15098321638577172
Book,2023-07-07,1.4639326043353855,0.2425333798846967,0.18151037696271588,0.15104368163888685
Book,2023-08-07,1.4566377691214687,0.2425421527010705,0.18156586299052999,0.15108549726757026
Book,2023-09-05,1.4521148189957023,0.24253943119395344,0.181566248726318,0.15119563678507603
Book,2023-10-04,1.447052377535112,0.24252351129224853,0.181566414419194,0.15132471700263597
Book,2023-11-02,1.4477867060916851,0.24246466785869492,0.18155313555234107,0.15133542954139434
Book,2023-12-01,1.4544201385695443,0.24174447258245185,0.18190615383932435,0.1511362738638032
Book,2024-01-03,1.4492391529180007,0.24173655759417756,0.18194096094768653,0.15119897741656171
Book,2024-02-01,4.398063763263151,-0.005131878487408939,0.08120782465820006,0.05211395377322085
Book,2024-03-01,4.451816176612879,-0.005184905066102342,0.08748132512858307,0.02660802741934449
Book,2024-04-02,4.442744196140562,-0.0051856812223839074,0.08747960354877792,0.026640885173537184
Book,2024-05-01,4.442578642165771,-0.005181432430172529,0.08747272058886299,0.02663294004325694
Book,2024-05-31,4.433815293231984,-0.005183199079693224,0.08748272633917276,0.026639518546239457
Book,2024-07-01,4.43918710491299,-0.005206683422824904,0.08756646997618392,0.026423528267121188
Book,2024-07-30,4.431169410002189,-0.0052022530763051605,0.08755270604527561,0.02646619845670849
Book,2024-08-28,4.432764532648078,-0.00519623051699436,0.08754338603861438,0.02645500331858523
Book,2024-09-26,4.415794701965242,-0.0051912479642013815,0.0875459951919676,0.02647933720060689
Book,2024-10-25,4.4041127179388,-0.005191136930205877,0.08753494507228794,0.026556211690699504
Book,2024-11-25,4.474287298153406,-0.0053261733041991,0.08811509538206232,0.026717462345698537
Book,2024-12-24,4.462526690785738,-0.005324311148893736,0.08818721997302835,0.026436311016947853
Book,2025-01-24,4.6985479885291115,-0.0064993698064121155,0.0911019907938167,0.0255957112098301
Book,2025-02-24,4.71375300025901,-0.006485920686811225,0.09087020019368586,0.02668985763221781
Book,2025-03-25,4.697818400244289,-0.006472595889788095,0.09086132113329774,0.026549403083854957
Book,2025-04-24,4.6827564165977416,-0.006472758419256236,0.09086271029781616,0.026640480823430963
Book,2025-05-23,4.665558635211518,-0.006472368066942916,0.09086626464296478,0.02675191340420996
Book,2025-06-24,4.660449128343449,-0.006472361955305893,0.09085317265510348,0.026795042126387184
Book,2025-07-23,4.641725601297055,-0.006471469459786487,0.09087091591609689,0.026858743079243748
Book,2025-08-21,4.62190603831367,-0.006470570261038304,0.09087153746822298,0.027014503957686387
Book,2025-09-19,4.604938024634973,-0.00647025506946259,0.0908701142328401,0.027154100075082607
Book,2025-10-20,4.591324467042115,-0.006469181139183454,0.09086431805108752,0.02726012421034387
Book,2025-11-18,4.574772565433889,-0.0064674017491946414,0.09086653403871262,0.027351542046865948
Book,2025-12-17,4.563948870449503,-0.006468765982534118,0.09086343683078403,0.027428309429541192
Book,2026-01-19,4.576781892597247,-0.006497057488594943,0.09092185983961722,0.02730340928818375
Book,2026-02-17,5.380619127800178,0.010705062981886157,0.07792627384206327,0.06010293616176037
Book,2026-03-18,5.403813232535108,0.010689914265896688,0.08013292832418575,0.05148346121332407
Book,2026-04-17,5.401473557661508,0.010690670831666957,0.08012486463311427,0.051496197123565825
Book,2026-05-18,5.385330265749578,0.010690875139591341,0.08014309529465985,0.0515107871655799
Book,2026-06-17,5.369006201855993,0.010690937818289836,0.08014550004454854,0.05158733795274456
Book,2026-07-16,5.352243669285374,0.010692865375937402,0.08014161313623588,0.05168848219105286
Book,2026-08-14,5.337351664894539,0.010693258448766202,0.0801374793913156,0.051765076755322346
Book,2026-09-14,5.319163963615125,0.010693616269897094,0.08014210480754322,0.051855933032861456
