series,model,mz_intercept,mz_slope,mz_r2
WTI,EWMA,2.074089307625474,0.7645648293360295,0.06980003067866103
WTI,GARCH-t,2.0915776063698344,0.768913125922476,0.07194950002133071
WTI,HAR-RV,3.792476382371836,0.44926959843299225,0.06775159319348056
WTI,MS,3.9256197466745086,0.66188852853817,0.004032218447708513
Brent,EWMA,1.9361919980577116,0.7470190484516123,0.062469349310260824
Brent,GARCH-t,1.6675825966087272,0.7862234715296009,0.0588865524013078
Brent,HAR-RV,4.764080733813767,0.31241971633586496,0.032743187894698655
Brent,MS,4.2537697703084,0.5119114079062872,0.002882549933676648
HenryHub,EWMA,20.70342586479588,0.615198120280469,0.02897385844943301
HenryHub,GARCH-t,24.152609762284172,0.5635923736821175,0.0633930415128039
HenryHub,HAR-RV,45.578254570849225,0.21935682646863047,0.010108786185559326
HenryHub,MS,2.9527120819954504,1.628339151060515,0.01759001605276167
Book,EWMA,5.223568061041724,0.21740255008441609,0.001851774783406146
Book,GARCH-t,5.563404879945658,0.18948048210436527,0.0032483662622385667
Book,HAR-RV,6.342794276988491,0.07228940518381287,0.00032788339472356043
Book,MS,-1.524195085211899,2.5239941510226482,0.01060192015966277
