series,model,days,exceptions,expected,exception_rate,kupiec_lr,kupiec_p,christoffersen_lr,christoffersen_p,p_exc_after_exc,cc_lr,cc_p,zone_last_250,exceptions_last_250,share_windows_green,share_windows_yellow,share_windows_red,z2_full,share_years_z2_below_070,mcneil_frey_resid,mcneil_frey_p,es_exceedances,avg_var99_pct,passes
WTI,Historical sim,4269,37,42.69000000000004,0.008667135160459125,0.8021948501246356,0.37043795456244555,8.458597275353497,0.0036332194881932844,0.08108108108108109,9.260792125478133,0.009750896370726458,green,3,0.9104477611940298,0.08955223880597014,0.0,-0.19155608028840998,0.23958333333333334,0.288724693860234,0.0614,113,7.88235715977089,False
WTI,Filtered HS,4269,30,42.69000000000004,0.007027406886858749,4.252026013177442,0.03920353428805545,5.640461692674307,0.01755058484922456,0.06666666666666667,9.89248770585175,0.007110065286034084,green,1,1.0,0.0,0.0,-0.06410273507684261,0.015625,0.14408948982020056,0.0756,107,8.903754930615984,False
WTI,GARCH-t,4269,62,42.69000000000004,0.014523307566174749,7.741402870638808,0.005396885731944967,1.032519553324164,0.30956763085888483,0.03225806451612903,8.773922423962972,0.012438469721468448,green,4,0.7007462686567164,0.2992537313432836,0.0,-0.3841335017360663,0.1875,0.1825566960896261,0.0188,138,5.8733313885048615,False
WTI,HAR-RV normal,4269,68,42.69000000000004,0.015928788943546497,12.845725465117653,0.0003382510452978327,0.006802813488093307,0.9342656818017167,0.014705882352941176,12.852528278605746,0.0016184859924207595,yellow,6,0.595771144278607,0.40422885572139305,0.0,-0.2732805660548254,0.24479166666666666,0.448916958752264,0.0,114,5.781984405138777,False
WTI,Markov-switching,4269,61,42.69000000000004,0.014289060669946124,7.002358701344065,0.008140238851908732,0.018530328370843563,0.8917215562282078,0.01639344262295082,7.020889029714908,0.029883627767546828,green,4,0.7818407960199005,0.15895522388059702,0.059203980099502486,-0.4056917065298,0.17708333333333334,0.21259471936154048,0.0988,137,6.093530069738331,False
Brent,Historical sim,4269,34,42.69000000000004,0.007964394471773249,1.9207718804975116,0.16577159368428485,1.1859460587691615,0.2761488120704242,0.029411764705882353,3.106717939266673,0.21153623535107802,green,4,0.8664179104477612,0.1335820895522388,0.0,-0.23654329847159827,0.22395833333333334,0.2712877478055279,0.0572,120,7.380966684758313,True
Brent,Filtered HS,4269,32,42.69000000000004,0.007495900679315999,2.960373374973983,0.08532823474765039,1.3715186865657074,0.24155112366231202,0.03125,4.3318920615396905,0.11464142896123963,green,2,0.9796019900497512,0.020398009950248756,0.0,-0.09330569273841949,0.0625,0.1277942368966238,0.0746,111,7.942118579193188,True
Brent,GARCH-t,4269,54,42.69000000000004,0.012649332396345749,2.792382996299807,0.09471328587278327,0.13210880050814922,0.7162555046908365,0.018518518518518517,2.9244917968079562,0.23171528091957438,green,3,0.7609452736318408,0.2390547263681592,0.0,-0.2044790252530877,0.16666666666666666,0.1851063194481028,0.0214,120,5.656772873389613,True
Brent,HAR-RV normal,4269,68,42.69000000000004,0.015928788943546497,12.845725465117653,0.0003382510452978327,0.6443809984336895,0.4221288123193412,0.029411764705882353,13.490106463551342,0.0011766860405597601,yellow,5,0.6746268656716418,0.26417910447761195,0.06119402985074627,-0.33339867358555675,0.23958333333333334,0.4578748536310872,0.0,119,5.347838719138735,False
Brent,Markov-switching,4269,65,42.69000000000004,0.015226048254860623,10.152912611090187,0.0014407343520274063,2.7608414998450144,0.09659741449661308,0.046153846153846156,12.913754110935201,0.0015696901191079027,green,2,0.7315920398009951,0.20497512437810944,0.06343283582089553,-0.3272045388674103,0.15104166666666666,0.4494757326346682,0.0192,119,5.719907784767923,False
HenryHub,Historical sim,4269,39,42.69000000000004,0.009135628952916374,0.3317825474634333,0.564611339980488,18.293647204412423,1.8933751989802516e-05,0.1282051282051282,18.625429751875856,9.026914268428499e-05,green,4,0.8925373134328358,0.10746268656716418,0.0,-0.30870149331305785,0.296875,-0.13698576133742035,0.6206,123,21.041603062478472,False
HenryHub,Filtered HS,4269,32,42.69000000000004,0.007495900679315999,2.960373374973983,0.08532823474765039,0.48347957494121374,0.4868504252637229,0.0,3.443852949915197,0.17872151353312482,green,2,0.9940298507462687,0.005970149253731343,0.0,0.028552513246570044,0.020833333333333332,0.15190949446914717,0.0636,97,19.12373996111658,True
HenryHub,GARCH-t,4269,47,42.69000000000004,0.011009604122745374,0.4255895305100239,0.5141610723915715,1.0466930343393415,0.30626994195042945,0.0,1.4722825648493654,0.47895851998732053,green,3,0.8830845771144279,0.11691542288557213,0.0,-0.05809063821349936,0.046875,-0.025768869327612322,0.6202,114,13.183636207949021,True
HenryHub,HAR-RV normal,4269,90,42.69000000000004,0.02108222066057625,40.163677601065615,2.335505122630366e-10,1.8624984145860708,0.17233672414062162,0.044444444444444446,42.026176015651686,7.483966779631146e-10,green,3,0.5393034825870647,0.2671641791044776,0.1935323383084577,-0.6677231745752334,0.3072916666666667,0.6994254742379814,0.0,137,10.881565090020592,False
HenryHub,Markov-switching,4269,84,42.69000000000004,0.019676739283204497,31.496258476331946,1.998249243850836e-08,2.511348329886573,0.11302918746295665,0.047619047619047616,34.00760680621852,4.1242217752035515e-08,yellow,5,0.30522388059701494,0.6149253731343284,0.07985074626865672,-0.5858442111165671,0.4791666666666667,0.020080692127438245,0.4294,166,12.302268613363717,False
Book,Historical sim,4269,42,42.69000000000004,0.009838369641602248,0.011325716465819369,0.9152472614600319,22.511066798443323,2.0893641142771813e-06,0.14285714285714285,22.522392514909143,1.2862476839181625e-05,yellow,5,0.8340796019900497,0.15646766169154228,0.00945273631840796,-0.11253380547465497,0.17708333333333334,0.18000054854910782,0.1182,105,5.664246509982862,False
Book,Filtered HS,4269,31,42.69000000000004,0.007261653783087374,3.5737000723379424,0.058701376049430376,0.4536268935981411,0.5006176136757,0.0,4.0273269659360835,0.13349870748245807,green,3,1.0,0.0,0.0,-0.004084207291480402,0.03125,0.1252627476410632,0.0628,101,5.459555923362282,True
Book,GARCH-t,4269,49,42.69000000000004,0.011478097915202623,0.8992742394319748,0.34297638877729875,0.2836080763630662,0.59434604861667,0.02040816326530612,1.182882315795041,0.5535289869650362,green,4,0.7820895522388059,0.21791044776119403,0.0,0.03915527828221965,0.09375,0.04083080841684127,0.268,101,4.24325602700153,True
Book,HAR-RV normal,4269,42,42.69000000000004,0.009838369641602248,0.011325716465819369,0.9152472614600319,0.6104538022444785,0.43461699673549803,0.023809523809523808,0.6217795187102979,0.7327946551719988,green,3,0.7997512437810945,0.20024875621890548,0.0,0.1116340418142644,0.09375,0.20988785104351249,0.004,87,3.9987307164615973,True
Book,Markov-switching,4269,57,42.69000000000004,0.013352073085031623,4.384376116765452,0.03626976359239731,1.4416197240569772,0.22987741365289782,0.03508771929824561,5.825995840822429,0.05431266052329198,yellow,6,0.7313432835820896,0.20696517412935322,0.061691542288557215,-0.24455457720392904,0.16666666666666666,-0.0611153031441915,0.7744,135,3.8761227919246743,False
