series,model,regime,days,exceptions,exception_rate
WTI,Historical sim,Calm,3711,27,0.007275666936135812
WTI,Historical sim,Turbulent,558,10,0.017921146953405017
WTI,Filtered HS,Calm,3711,26,0.007006197790353005
WTI,Filtered HS,Turbulent,558,4,0.007168458781362007
WTI,GARCH-t,Calm,3711,53,0.014281864726488817
WTI,GARCH-t,Turbulent,558,9,0.016129032258064516
WTI,HAR-RV normal,Calm,3711,59,0.015898679601185663
WTI,HAR-RV normal,Turbulent,558,9,0.016129032258064516
WTI,Markov-switching,Calm,3711,51,0.0137429264349232
WTI,Markov-switching,Turbulent,558,10,0.017921146953405017
Brent,Historical sim,Calm,3375,19,0.005629629629629629
Brent,Historical sim,Turbulent,894,15,0.016778523489932886
Brent,Filtered HS,Calm,3375,27,0.008
Brent,Filtered HS,Turbulent,894,5,0.005592841163310962
Brent,GARCH-t,Calm,3375,42,0.012444444444444444
Brent,GARCH-t,Turbulent,894,12,0.013422818791946308
Brent,HAR-RV normal,Calm,3375,46,0.01362962962962963
Brent,HAR-RV normal,Turbulent,894,22,0.024608501118568233
Brent,Markov-switching,Calm,3375,51,0.015111111111111112
Brent,Markov-switching,Turbulent,894,14,0.015659955257270694
HenryHub,Historical sim,Calm,3747,17,0.004536962903656259
HenryHub,Historical sim,Turbulent,522,22,0.0421455938697318
HenryHub,Filtered HS,Calm,3747,29,0.00773952495329597
HenryHub,Filtered HS,Turbulent,522,3,0.005747126436781609
HenryHub,GARCH-t,Calm,3747,43,0.0114758473445423
HenryHub,GARCH-t,Turbulent,522,4,0.007662835249042145
HenryHub,HAR-RV normal,Calm,3747,79,0.021083533493461436
HenryHub,HAR-RV normal,Turbulent,522,11,0.0210727969348659
HenryHub,Markov-switching,Calm,3747,66,0.017614091273018415
HenryHub,Markov-switching,Turbulent,522,18,0.034482758620689655
Book,Historical sim,Calm,3744,15,0.004006410256410256
Book,Historical sim,Turbulent,525,27,0.05142857142857143
Book,Filtered HS,Calm,3744,29,0.007745726495726496
Book,Filtered HS,Turbulent,525,2,0.0038095238095238095
Book,GARCH-t,Calm,3744,42,0.011217948717948718
Book,GARCH-t,Turbulent,525,7,0.013333333333333334
Book,HAR-RV normal,Calm,3744,34,0.009081196581196582
Book,HAR-RV normal,Turbulent,525,8,0.015238095238095238
Book,Markov-switching,Calm,3744,45,0.01201923076923077
Book,Markov-switching,Turbulent,525,12,0.022857142857142857
