series,model,as_of,notional,var99_pct,es975_pct,var99_usd,es975_usd
WTI,Historical sim,2026-09-22,1000000,12.28274329833674,11.603389535213848,115583.7295298473,109554.95916226621
WTI,Filtered HS,2026-09-22,1000000,8.583507072227556,8.312984322605073,82254.41814531742,79768.3463840444
WTI,GARCH-t,2026-09-22,1000000,7.179978081805689,7.441081041740583,69282.77540138594,71709.73581189089
WTI,HAR-RV normal,2026-09-22,1000000,5.724673836226706,5.75286208400413,55638.96947616587,55905.1307884959
WTI,Markov-switching,2026-09-22,1000000,7.3204524935104685,7.684199548529272,70589.2770821569,73963.84005828682
Brent,Historical sim,2026-09-22,1000000,13.186800012643207,11.627159617789646,123543.32038506976,109766.593529937
Brent,Filtered HS,2026-09-22,1000000,12.552931716997632,10.716663867277978,117970.09457268326,101624.04366066169
Brent,GARCH-t,2026-09-22,1000000,9.927921216826677,10.295051187142512,94510.15105954141,97828.38083812251
Brent,HAR-RV normal,2026-09-22,1000000,6.873939021413616,6.907786241689527,66430.05415821946,66745.98816376265
Brent,Markov-switching,2026-09-22,1000000,12.527359536823141,12.577281211484356,117744.51145404296,118184.83825031556
HenryHub,Historical sim,2026-09-22,1000000,48.96948421359173,41.27180243741165,387186.62952646235,338151.1182288872
HenryHub,Filtered HS,2026-09-22,1000000,12.487437616167663,8.637559313484791,117392.22780340619,82750.34615917155
HenryHub,GARCH-t,2026-09-22,1000000,8.430766594919074,9.1289143126026,80851.57808354337,87246.2437336079
HenryHub,HAR-RV normal,2026-09-22,1000000,13.017667646316408,13.081766536767848,122059.69417061457,122622.26384575547
HenryHub,Markov-switching,2026-09-22,1000000,9.2721008171001,12.57606063023992,88552.24869731237,118174.0749141531
Book,Historical sim,2026-09-22,8000000,10.360253705222501,8.510796919772913,828820.2964178,680863.7535818331
Book,Filtered HS,2026-09-22,8000000,3.6805770388346692,3.2123228030006103,294446.1631067735,256985.82424004882
Book,GARCH-t,2026-09-22,8000000,3.230177124987343,3.426626685274344,258414.16999898743,274130.1348219475
Book,HAR-RV normal,2026-09-22,8000000,5.416955996226918,5.443629043843146,433356.47969815345,435490.3235074516
Book,Markov-switching,2026-09-22,8000000,3.236925953065903,4.385924248088721,258954.07624527224,350873.9398470977
